{"relative_l_inf_primal_residual":[7.04089434174064e-6,3.0682527226004327e-15],"instance":"./MIPLIB/0mps1.mps","final iteration":1,"time_sec_limit":600,"dual_objective":[66.00036986236344,66.00000000143324],"max_iter":5,"relative_l_inf_dual_residual":[1.4757098952046041e-5,1.9847057330935058e-11],"objective_tol":1.0e-8,"max_time":600,"initial_tol":0.001,"primal_objective":[66.00010030131338,65.9999999999998],"l_inf_primal_residual":[7.744983775914704e-5,3.375077994860476e-14],"relative_optimality_gap":[2.0267676477323293e-6,1.0777704543250122e-11],"total_time":0.9479999542236328,"l_inf_dual_residual":[0.00014757098952046041,1.9847057330935058e-10],"blackbox_time":[0.2780001163482666,0.629000186920166],"candidate_type":"POINT_TYPE_AVERAGE_ITERATE"}