{"relative_l_inf_primal_residual":[5.79240251723108e-10],"instance":"./MIPLIB/0mps1.mps","final iteration":0,"time_sec_limit":600,"dual_objective":[65.99999999691612],"max_iter":0,"relative_l_inf_dual_residual":[9.281945142505864e-11],"objective_tol":1.0e-8,"max_time":600,"initial_tol":1.0e-8,"primal_objective":[66.0000000380273],"l_inf_primal_residual":[6.371642768954189e-9],"relative_optimality_gap":[3.0910660489251636e-10],"total_time":23.85099983215332,"l_inf_dual_residual":[9.281945142505865e-10],"blackbox_time":[23.786999940872192],"candidate_type":"POINT_TYPE_AVERAGE_ITERATE"}