{"relative_l_inf_primal_residual":[2.583537823119819e-7],"instance":"./MIPLIB/2club200v15p5scn.mps.gz","final iteration":0,"time_sec_limit":600,"dual_objective":[-121.2222233982028],"max_iter":0,"relative_l_inf_dual_residual":[2.0186248801676977e-10],"objective_tol":1.0e-8,"max_time":600,"initial_tol":1.0e-8,"primal_objective":[-121.22222264711411],"l_inf_primal_residual":[5.167075646239638e-7],"relative_optimality_gap":[3.085257042776607e-9],"total_time":12.390999794006348,"l_inf_dual_residual":[4.0372497603353954e-10],"blackbox_time":[12.381999969482422],"candidate_type":"POINT_TYPE_AVERAGE_ITERATE"}