{
    "relative_l_inf_primal_residual": [
        0.0003927748249374363,
        0.0
    ],
    "instance": "instance/house_k5_d0.001.mps",
    "time_sec_limit": 600,
    "iterative_tol": 0.001,
    "dual_objective": [
        -4.9999976445852266,
        -4.999
    ],
    "max_iter": 1000.0,
    "relative_l_inf_dual_residual": [
        0.0,
        9.769962616701378e-15
    ],
    "objective_tol": 1.0e-8,
    "termination_reason": [
        "TERMINATION_REASON_OPTIMAL",
        "TERMINATION_REASON_OPTIMAL"
    ],
    "D2_condition_number": [
        1.0,
        100.0
    ],
    "alpha": 100.0,
    "primal_objective": [
        -4.9960722517506255,
        -4.999
    ],
    "l_inf_primal_residual": [
        0.0007855496498748726,
        0.0
    ],
    "relative_optimality_gap": [
        0.0003569814371504732,
        0.0
    ],
    "D1_condition_number": [
        1.0,
        100.0
    ],
    "last_iteration": 1,
    "total_time": 0.20631885528564453,
    "l_inf_dual_residual": [
        0.0,
        1.9539925233402755e-14
    ],
    "blackbox_time": [
        0.05810403823852539,
        0.14478182792663574
    ],
    "candidate_type": "POINT_TYPE_AVERAGE_ITERATE"
}