{
    "relative_l_inf_primal_residual": [
        0.0002737242464473377,
        0.0
    ],
    "instance": "instance/house_k5_d0.010000000000000002.mps",
    "time_sec_limit": 600,
    "iterative_tol": 0.001,
    "dual_objective": [
        -4.992549220829379,
        -4.990000000000001
    ],
    "max_iter": 1000.0,
    "relative_l_inf_dual_residual": [
        0.0,
        4.052314039881821e-15
    ],
    "objective_tol": 1.0e-8,
    "termination_reason": [
        "TERMINATION_REASON_OPTIMAL",
        "TERMINATION_REASON_OPTIMAL"
    ],
    "D2_condition_number": [
        1.0,
        10.0
    ],
    "alpha": 10.0,
    "primal_objective": [
        -4.990000000000001,
        -4.99
    ],
    "l_inf_primal_residual": [
        0.0005474484928946755,
        0.0
    ],
    "relative_optimality_gap": [
        0.0002321155842892291,
        8.08905664572063e-17
    ],
    "D1_condition_number": [
        1.0,
        10.0
    ],
    "last_iteration": 1,
    "total_time": 0.23159480094909668,
    "l_inf_dual_residual": [
        0.0,
        8.104628079763643e-15
    ],
    "blackbox_time": [
        0.11498594284057617,
        0.11249995231628418
    ],
    "candidate_type": "POINT_TYPE_AVERAGE_ITERATE"
}