{"relative_l_inf_primal_residual":[0.0003927748249374363,1.000000082740371e-11],"instance":"instance/house_k5_d1.0e-10.mps","time_sec_limit":600,"iterative_tol":0.001,"dual_objective":[-4.999999999999765,-4.99999999994977],"max_iter":1000.0,"relative_l_inf_dual_residual":[0.0,0.0],"objective_tol":1.0e-8,"termination_reason":["TERMINATION_REASON_OPTIMAL","TERMINATION_REASON_OPTIMAL"],"D2_condition_number":[1.0,10.0],"alpha":10.0,"primal_objective":[-4.9960722517506255,-4.9999999999],"l_inf_primal_residual":[0.0007855496498748726,2.000000165480742e-11],"relative_optimality_gap":[0.0003571955657633911,4.524542356999631e-12],"D1_condition_number":[1.0,10.0],"last_iteration":1,"total_time":0.14699506759643555,"l_inf_dual_residual":[0.0,0.0],"blackbox_time":[0.013284921646118164,0.13004803657531738],"candidate_type":"POINT_TYPE_AVERAGE_ITERATE"}