{
    "relative_l_inf_primal_residual": [
        0.0003927748249374363,
        1.1102230246251565e-16
    ],
    "instance": "instance/house_k5_d0.001.mps",
    "time_sec_limit": 600,
    "iterative_tol": 0.001,
    "dual_objective": [
        -4.9999976445852266,
        -4.999
    ],
    "max_iter": 1000.0,
    "relative_l_inf_dual_residual": [
        0.0,
        0.0
    ],
    "objective_tol": 1.0e-8,
    "termination_reason": [
        "TERMINATION_REASON_OPTIMAL",
        "TERMINATION_REASON_OPTIMAL"
    ],
    "D2_condition_number": [
        1.0,
        10.0
    ],
    "alpha": 10.0,
    "primal_objective": [
        -4.9960722517506255,
        -4.999
    ],
    "l_inf_primal_residual": [
        0.0007855496498748726,
        2.220446049250313e-16
    ],
    "relative_optimality_gap": [
        0.0003569814371504732,
        0.0
    ],
    "D1_condition_number": [
        1.0,
        10.0
    ],
    "last_iteration": 1,
    "total_time": 0.17316699028015137,
    "l_inf_dual_residual": [
        0.0,
        0.0
    ],
    "blackbox_time": [
        0.05776095390319824,
        0.11147093772888184
    ],
    "candidate_type": "POINT_TYPE_AVERAGE_ITERATE"
}