{
    "relative_l_inf_primal_residual": [
        0.0003927748249374363,
        9.999999994736442e-9
    ],
    "instance": "instance/house_k5_d1.0e-7.mps",
    "time_sec_limit": 600,
    "iterative_tol": 0.001,
    "dual_objective": [
        -4.999999999764459,
        -4.999999949960303
    ],
    "max_iter": 1000.0,
    "relative_l_inf_dual_residual": [
        0.0,
        0.0
    ],
    "objective_tol": 1.0e-8,
    "termination_reason": [
        "TERMINATION_REASON_OPTIMAL",
        "TERMINATION_REASON_OPTIMAL"
    ],
    "D2_condition_number": [
        1.0,
        10.0
    ],
    "alpha": 10.0,
    "primal_objective": [
        -4.9960722517506255,
        -4.9999999
    ],
    "l_inf_primal_residual": [
        0.0007855496498748726,
        1.9999999989472883e-8
    ],
    "relative_optimality_gap": [
        0.0003571955443719396,
        4.541845830117595e-9
    ],
    "D1_condition_number": [
        1.0,
        10.0
    ],
    "last_iteration": 1,
    "total_time": 0.7830960750579834,
    "l_inf_dual_residual": [
        0.0,
        0.0
    ],
    "blackbox_time": [
        0.014023065567016602,
        0.7652218341827393
    ],
    "candidate_type": "POINT_TYPE_AVERAGE_ITERATE"
}