{"relative_l_inf_primal_residual":[0.0003927748249374363,2.6412205755832474e-13],"instance":"instance/house_k5_d1.0e-6.mps","time_sec_limit":600,"iterative_tol":0.001,"dual_objective":[-4.9999999976445855,-4.999999000000001],"max_iter":1000.0,"relative_l_inf_dual_residual":[0.0,0.0],"objective_tol":1.0e-8,"termination_reason":["TERMINATION_REASON_OPTIMAL","TERMINATION_REASON_OPTIMAL"],"D2_condition_number":[1.0,10.0],"alpha":10.0,"primal_objective":[-4.9960722517506255,-4.999999],"l_inf_primal_residual":[0.0007855496498748726,5.282441151166495e-13],"relative_optimality_gap":[0.00035719535165622176,8.074350738064908e-17],"D1_condition_number":[1.0,10.0],"last_iteration":1,"total_time":0.15185785293579102,"l_inf_dual_residual":[0.0,0.0],"blackbox_time":[0.013255834579467773,0.13524913787841797],"candidate_type":"POINT_TYPE_AVERAGE_ITERATE"}