{"relative_l_inf_primal_residual":[0.0003927748249374363,8.008926855040954e-12,8.008926855040954e-12,0.0],"instance":"instance/house_k5_d1.0e-6.mps","time_sec_limit":600,"iterative_tol":0.001,"dual_objective":[-4.9999999976445855,-4.99999899999739,-4.99999899999739,-4.999999],"max_iter":1000.0,"relative_l_inf_dual_residual":[0.0,3.2613022367122824e-6,3.2613022367122824e-6,8.225918115612775e-17],"objective_tol":1.0e-8,"termination_reason":["TERMINATION_REASON_OPTIMAL","TERMINATION_REASON_OPTIMAL","TERMINATION_REASON_OPTIMAL","TERMINATION_REASON_OPTIMAL"],"D2_condition_number":[1.0,10000.0,153312.99085731158,153312.99085731158],"alpha":10000.0,"primal_objective":[-4.9960722517506255,-4.999999,-4.999999,-4.999999],"l_inf_primal_residual":[0.0007855496498748726,1.601785371008191e-11,1.601785371008191e-11,0.0],"relative_optimality_gap":[0.00035719535165622176,2.372244246844033e-13,2.372244246844033e-13,0.0],"D1_condition_number":[1.0,1272.9940114660944,1.2729940114660945e7,6.243033667928825e10],"last_iteration":3,"total_time":0.3815619945526123,"l_inf_dual_residual":[0.0,6.522604473424565e-6,6.522604473424565e-6,1.645183623122555e-16],"blackbox_time":[0.013083934783935547,0.13373708724975586,0.05469703674316406,0.17294001579284668],"candidate_type":"POINT_TYPE_AVERAGE_ITERATE"}