{"relative_l_inf_primal_residual":[0.0002737242464473377,0.0],"instance":"instance/house_k5_d0.010000000000000002.mps","time_sec_limit":600,"iterative_tol":0.001,"dual_objective":[-4.992549220829379,-4.989999999999999],"max_iter":1000.0,"relative_l_inf_dual_residual":[0.0,1.3317125180378753e-13],"objective_tol":1.0e-8,"termination_reason":["TERMINATION_REASON_OPTIMAL","TERMINATION_REASON_OPTIMAL"],"D2_condition_number":[1.0,1000.0],"alpha":1000.0,"primal_objective":[-4.990000000000001,-4.99],"l_inf_primal_residual":[0.0005474484928946755,0.0],"relative_optimality_gap":[0.0002321155842892291,8.08905664572063e-17],"D1_condition_number":[1.0,1000.0],"last_iteration":1,"total_time":0.28368186950683594,"l_inf_dual_residual":[0.0,2.6634250360757505e-13],"blackbox_time":[0.11447596549987793,0.16547393798828125],"candidate_type":"POINT_TYPE_AVERAGE_ITERATE"}