{"relative_l_inf_primal_residual":[0.0003927748249374363,0.0],"instance":"instance/house_k5_d0.0001.mps","time_sec_limit":600,"iterative_tol":0.001,"dual_objective":[-4.999999764458523,-4.9999],"max_iter":1000.0,"relative_l_inf_dual_residual":[0.0,4.6629367034256575e-15],"objective_tol":1.0e-8,"termination_reason":["TERMINATION_REASON_OPTIMAL","TERMINATION_REASON_OPTIMAL"],"D2_condition_number":[1.0,10.0],"alpha":10.0,"primal_objective":[-4.9960722517506255,-4.9999],"l_inf_primal_residual":[0.0007855496498748726,0.0],"relative_optimality_gap":[0.00035717415292551706,0.0],"D1_condition_number":[1.0,10.0],"last_iteration":1,"total_time":18.540858030319214,"l_inf_dual_residual":[0.0,9.325873406851315e-15],"blackbox_time":[18.30266499519348,0.16346120834350586],"candidate_type":"POINT_TYPE_AVERAGE_ITERATE"}