{
    "relative_l_inf_primal_residual": [
        7.419620473569921e-13
    ],
    "instance": "instance/house_k5_d0.010000000000000002.mps",
    "time_sec_limit": 600,
    "iterative_tol": 1.0e-8,
    "dual_objective": [
        -4.98999999999977
    ],
    "max_iter": 0.0,
    "relative_l_inf_dual_residual": [
        2.86654943204633e-11
    ],
    "objective_tol": 1.0e-8,
    "termination_reason": [
        "TERMINATION_REASON_OPTIMAL"
    ],
    "D2_condition_number": [
        1.0
    ],
    "alpha": 1.1,
    "primal_objective": [
        -4.99
    ],
    "l_inf_primal_residual": [
        1.4839240947139842e-12
    ],
    "relative_optimality_gap": [
        2.0950656712416873e-14
    ],
    "D1_condition_number": [
        1.0
    ],
    "last_iteration": 0,
    "total_time": 18.473639011383057,
    "l_inf_dual_residual": [
        5.73309886409266e-11
    ],
    "blackbox_time": [
        18.41263508796692
    ],
    "candidate_type": "POINT_TYPE_AVERAGE_ITERATE"
}