{
    "relative_l_inf_primal_residual": [
        0.0002737242464473377,
        0.0
    ],
    "instance": "instance/house_k5_d0.010000000000000002.mps",
    "time_sec_limit": 600,
    "iterative_tol": 0.001,
    "dual_objective": [
        -4.992549220829379,
        -4.989999999999999
    ],
    "max_iter": 1000.0,
    "relative_l_inf_dual_residual": [
        0.0,
        9.103828801926284e-14
    ],
    "objective_tol": 1.0e-8,
    "termination_reason": [
        "TERMINATION_REASON_OPTIMAL",
        "TERMINATION_REASON_OPTIMAL"
    ],
    "D2_condition_number": [
        1.0,
        100.0
    ],
    "alpha": 100.0,
    "primal_objective": [
        -4.990000000000001,
        -4.99
    ],
    "l_inf_primal_residual": [
        0.0005474484928946755,
        0.0
    ],
    "relative_optimality_gap": [
        0.0002321155842892291,
        8.08905664572063e-17
    ],
    "D1_condition_number": [
        1.0,
        100.0
    ],
    "last_iteration": 1,
    "total_time": 0.2304990291595459,
    "l_inf_dual_residual": [
        0.0,
        1.8207657603852567e-13
    ],
    "blackbox_time": [
        0.11408019065856934,
        0.11264514923095703
    ],
    "candidate_type": "POINT_TYPE_AVERAGE_ITERATE"
}