{"relative_l_inf_primal_residual":[0.0003927748249374363,1.000000082740371e-10],"instance":"instance/house_k5_d1.0e-9.mps","time_sec_limit":600,"iterative_tol":0.001,"dual_objective":[-4.9999999999976446,-4.999999999486981],"max_iter":1000.0,"relative_l_inf_dual_residual":[0.0,0.0],"objective_tol":1.0e-8,"termination_reason":["TERMINATION_REASON_OPTIMAL","TERMINATION_REASON_OPTIMAL"],"D2_condition_number":[1.0,100.0],"alpha":100.0,"primal_objective":[-4.9960722517506255,-4.999999999],"l_inf_primal_residual":[0.0007855496498748726,2.000000165480742e-10],"relative_optimality_gap":[0.0003571955655706564,4.4271011105563996e-11],"D1_condition_number":[1.0,100.0],"last_iteration":1,"total_time":0.12999415397644043,"l_inf_dual_residual":[0.0,0.0],"blackbox_time":[0.013356924057006836,0.11274003982543945],"candidate_type":"POINT_TYPE_AVERAGE_ITERATE"}