{"relative_l_inf_primal_residual":[0.0003927748249374363,8.402223361514416e-12,8.402223361514416e-12,0.0],"instance":"instance/house_k5_d1.0e-6.mps","time_sec_limit":600,"iterative_tol":0.001,"dual_objective":[-4.9999999976445855,-4.9999989999972625,-4.9999989999972625,-4.999998999999999],"max_iter":1000.0,"relative_l_inf_dual_residual":[0.0,3.421442107409689e-6,3.421442107409689e-6,0.0],"objective_tol":1.0e-8,"termination_reason":["TERMINATION_REASON_OPTIMAL","TERMINATION_REASON_OPTIMAL","TERMINATION_REASON_OPTIMAL","TERMINATION_REASON_OPTIMAL"],"D2_condition_number":[1.0,1000.0,146137.2089029853,146137.2089029853],"alpha":1000.0,"primal_objective":[-4.9960722517506255,-4.999999,-4.999999,-4.999999],"l_inf_primal_residual":[0.0007855496498748726,1.6804446723028832e-11,1.6804446723028832e-11,0.0],"relative_optimality_gap":[0.00035719535165622176,2.4885148974722243e-13,2.4885148974722243e-13,8.074350738064911e-17],"D1_condition_number":[1.0,1000.0,1.0e6,9.999999999999999e8],"last_iteration":3,"total_time":0.4471139907836914,"l_inf_dual_residual":[0.0,6.842884214819378e-6,6.842884214819378e-6,0.0],"blackbox_time":[0.013122081756591797,0.20983195304870605,0.0056819915771484375,0.21138882637023926],"candidate_type":"POINT_TYPE_AVERAGE_ITERATE"}