{"relative_l_inf_primal_residual":[0.0003927748249374363,0.0],"instance":"instance/house_k5_d1.0e-6.mps","time_sec_limit":600,"iterative_tol":0.001,"dual_objective":[-4.9999999976445855,-4.999999],"max_iter":1000.0,"relative_l_inf_dual_residual":[0.0,0.0],"objective_tol":1.0e-8,"termination_reason":["TERMINATION_REASON_OPTIMAL","TERMINATION_REASON_OPTIMAL"],"D2_condition_number":[1.0,100.0],"alpha":100.0,"primal_objective":[-4.9960722517506255,-4.999999],"l_inf_primal_residual":[0.0007855496498748726,0.0],"relative_optimality_gap":[0.00035719535165622176,0.0],"D1_condition_number":[1.0,100.0],"last_iteration":1,"total_time":0.15289688110351562,"l_inf_dual_residual":[0.0,0.0],"blackbox_time":[0.013185977935791016,0.1360948085784912],"candidate_type":"POINT_TYPE_AVERAGE_ITERATE"}