{"relative_l_inf_primal_residual":[0.0003927748249374363,4.465861014324446e-11,0.0],"instance":"instance/house_k5_d0.0001.mps","time_sec_limit":600,"iterative_tol":0.001,"dual_objective":[-4.999999764458523,-4.999899999889677,-4.9999],"max_iter":1000.0,"relative_l_inf_dual_residual":[0.0,1.3790363970755948e-6,0.0],"objective_tol":1.0e-8,"termination_reason":["TERMINATION_REASON_OPTIMAL","TERMINATION_REASON_OPTIMAL","TERMINATION_REASON_OPTIMAL"],"D2_condition_number":[1.0,10000.0,362572.0111958665],"alpha":10000.0,"primal_objective":[-4.9960722517506255,-4.9999,-4.9999],"l_inf_primal_residual":[0.0007855496498748726,8.931722028648892e-11,0.0],"relative_optimality_gap":[0.00035717415292551706,1.0029573814734644e-11,0.0],"D1_condition_number":[1.0,1272.9940114660944,1.2729940114660945e7],"last_iteration":2,"total_time":0.3937571048736572,"l_inf_dual_residual":[0.0,2.7580727941511896e-6,0.0],"blackbox_time":[0.013508081436157227,0.16393089294433594,0.2108771800994873],"candidate_type":"POINT_TYPE_AVERAGE_ITERATE"}