{"relative_l_inf_primal_residual":[0.0003927748249374363,0.0],"instance":"instance/house_k5_d1.0e-5.mps","time_sec_limit":600,"iterative_tol":0.001,"dual_objective":[-4.999999976445852,-4.99999],"max_iter":1000.0,"relative_l_inf_dual_residual":[0.0,2.220446049250313e-16],"objective_tol":1.0e-8,"termination_reason":["TERMINATION_REASON_OPTIMAL","TERMINATION_REASON_OPTIMAL"],"D2_condition_number":[1.0,10000.0],"alpha":10000.0,"primal_objective":[-4.9960722517506255,-4.99999],"l_inf_primal_residual":[0.0007855496498748726,0.0],"relative_optimality_gap":[0.00035719342449887806,0.0],"D1_condition_number":[1.0,1272.9940114660944],"last_iteration":1,"total_time":0.15244007110595703,"l_inf_dual_residual":[0.0,4.440892098500626e-16],"blackbox_time":[0.013326168060302734,0.13518691062927246],"candidate_type":"POINT_TYPE_AVERAGE_ITERATE"}