{"relative_l_inf_primal_residual":[0.0003927748249374363,9.997558336749535e-14],"instance":"instance/house_k5_d1.0e-12.mps","time_sec_limit":600,"iterative_tol":0.001,"dual_objective":[-4.999999999999997,-4.999999999999498],"max_iter":1000.0,"relative_l_inf_dual_residual":[0.0,0.0],"objective_tol":1.0e-8,"termination_reason":["TERMINATION_REASON_OPTIMAL","TERMINATION_REASON_OPTIMAL"],"D2_condition_number":[1.0,10.0],"alpha":10.0,"primal_objective":[-4.9960722517506255,-4.999999999999],"l_inf_primal_residual":[0.0007855496498748726,1.999511667349907e-13],"relative_optimality_gap":[0.00035719556578454593,4.529709940471258e-14],"D1_condition_number":[1.0,10.0],"last_iteration":1,"total_time":0.14563608169555664,"l_inf_dual_residual":[0.0,0.0],"blackbox_time":[0.013020038604736328,0.1289210319519043],"candidate_type":"POINT_TYPE_AVERAGE_ITERATE"}