{"relative_l_inf_primal_residual":[0.0003927748249374363,4.743505588322705e-11,4.743505588322705e-11,0.0],"instance":"instance/house_k5_d0.0001.mps","time_sec_limit":600,"iterative_tol":0.001,"dual_objective":[-4.999999764458523,-4.999899999882818,-4.999899999882818,-4.9999],"max_iter":1000.0,"relative_l_inf_dual_residual":[0.0,1.4647712907045474e-6,1.4647712907045474e-6,0.0],"objective_tol":1.0e-8,"termination_reason":["TERMINATION_REASON_OPTIMAL","TERMINATION_REASON_OPTIMAL","TERMINATION_REASON_OPTIMAL","TERMINATION_REASON_OPTIMAL"],"D2_condition_number":[1.0,1000.0,341350.2184081602,341350.2184081602],"alpha":1000.0,"primal_objective":[-4.9960722517506255,-4.9999,-4.9999,-4.9999],"l_inf_primal_residual":[0.0007855496498748726,9.48701117664541e-11,9.48701117664541e-11,0.0],"relative_optimality_gap":[0.00035717415292551706,1.0653086401969525e-11,1.0653086401969525e-11,0.0],"D1_condition_number":[1.0,1000.0,1.0e6,9.999999999999999e8],"last_iteration":3,"total_time":0.44371485710144043,"l_inf_dual_residual":[0.0,2.9295425814090947e-6,2.9295425814090947e-6,0.0],"blackbox_time":[0.013365030288696289,0.11401510238647461,0.05500912666320801,0.254270076751709],"candidate_type":"POINT_TYPE_AVERAGE_ITERATE"}