{
    "relative_l_inf_primal_residual": [
        0.0003927748249374363,
        9.999778782798785e-13
    ],
    "instance": "instance/house_k5_d1.0e-11.mps",
    "time_sec_limit": 600,
    "iterative_tol": 0.001,
    "dual_objective": [
        -4.999999999999976,
        -4.999999999994981
    ],
    "max_iter": 1000.0,
    "relative_l_inf_dual_residual": [
        0.0,
        0.0
    ],
    "objective_tol": 1.0e-8,
    "termination_reason": [
        "TERMINATION_REASON_OPTIMAL",
        "TERMINATION_REASON_OPTIMAL"
    ],
    "D2_condition_number": [
        1.0,
        10.0
    ],
    "alpha": 10.0,
    "primal_objective": [
        -4.9960722517506255,
        -4.99999999999
    ],
    "l_inf_primal_residual": [
        0.0007855496498748726,
        1.999955756559757e-12
    ],
    "relative_optimality_gap": [
        0.0003571955657826081,
        4.528095070622821e-13
    ],
    "D1_condition_number": [
        1.0,
        10.0
    ],
    "last_iteration": 1,
    "total_time": 0.21263504028320312,
    "l_inf_dual_residual": [
        0.0,
        0.0
    ],
    "blackbox_time": [
        0.013450145721435547,
        0.19539284706115723
    ],
    "candidate_type": "POINT_TYPE_AVERAGE_ITERATE"
}