{"relative_l_inf_primal_residual":[0.0003927748249374363,3.587837804630567e-10],"instance":"instance/house_k5_d1.0e-5.mps","time_sec_limit":600,"iterative_tol":0.001,"dual_objective":[-4.999999976445852,-4.999990000069089],"max_iter":1000.0,"relative_l_inf_dual_residual":[0.0,0.0],"objective_tol":1.0e-8,"termination_reason":["TERMINATION_REASON_OPTIMAL","TERMINATION_REASON_OPTIMAL"],"D2_condition_number":[1.0,100.0],"alpha":100.0,"primal_objective":[-4.9960722517506255,-4.99999],"l_inf_primal_residual":[0.0007855496498748726,7.175675609261134e-10],"relative_optimality_gap":[0.00035719342449887806,6.280805486262675e-12],"D1_condition_number":[1.0,100.0],"last_iteration":1,"total_time":0.12970900535583496,"l_inf_dual_residual":[0.0,0.0],"blackbox_time":[0.013224124908447266,0.11284017562866211],"candidate_type":"POINT_TYPE_AVERAGE_ITERATE"}