{
    "relative_l_inf_primal_residual": [
        0.0003927748249374363,
        0.0
    ],
    "instance": "instance/house_k5_d0.001.mps",
    "time_sec_limit": 600,
    "iterative_tol": 0.001,
    "dual_objective": [
        -4.9999976445852266,
        -4.998999999999999
    ],
    "max_iter": 1000.0,
    "relative_l_inf_dual_residual": [
        0.0,
        1.0658141036401503e-14
    ],
    "objective_tol": 1.0e-8,
    "termination_reason": [
        "TERMINATION_REASON_OPTIMAL",
        "TERMINATION_REASON_OPTIMAL"
    ],
    "D2_condition_number": [
        1.0,
        10000.0
    ],
    "alpha": 10000.0,
    "primal_objective": [
        -4.9960722517506255,
        -4.999
    ],
    "l_inf_primal_residual": [
        0.0007855496498748726,
        0.0
    ],
    "relative_optimality_gap": [
        0.0003569814371504732,
        8.075817600473953e-17
    ],
    "D1_condition_number": [
        1.0,
        1272.9940114660944
    ],
    "last_iteration": 1,
    "total_time": 0.17299699783325195,
    "l_inf_dual_residual": [
        0.0,
        2.1316282072803006e-14
    ],
    "blackbox_time": [
        0.05762290954589844,
        0.11144709587097168
    ],
    "candidate_type": "POINT_TYPE_AVERAGE_ITERATE"
}