{"relative_l_inf_primal_residual":[0.0003927748249374363,9.999999717180685e-10],"instance":"instance/house_k5_d1.0e-8.mps","time_sec_limit":600,"iterative_tol":0.001,"dual_objective":[-4.9999999999764455,-4.999999995224807],"max_iter":1000.0,"relative_l_inf_dual_residual":[0.0,0.0],"objective_tol":1.0e-8,"termination_reason":["TERMINATION_REASON_OPTIMAL","TERMINATION_REASON_OPTIMAL"],"D2_condition_number":[1.0,1000.0],"alpha":1000.0,"primal_objective":[-4.9960722517506255,-4.99999999],"l_inf_primal_residual":[0.0007855496498748726,1.999999943436137e-9],"relative_optimality_gap":[0.000357195563643471,4.749824782300101e-10],"D1_condition_number":[1.0,1000.0],"last_iteration":1,"total_time":0.12623310089111328,"l_inf_dual_residual":[0.0,0.0],"blackbox_time":[0.013142108917236328,0.10945391654968262],"candidate_type":"POINT_TYPE_AVERAGE_ITERATE"}