{"relative_l_inf_primal_residual":[0.0003927748249374363,9.997558336749535e-14],"instance":"instance/house_k5_d1.0e-12.mps","time_sec_limit":600,"iterative_tol":0.001,"dual_objective":[-4.999999999999997,-4.99999999999949],"max_iter":1000.0,"relative_l_inf_dual_residual":[0.0,0.0],"objective_tol":1.0e-8,"termination_reason":["TERMINATION_REASON_OPTIMAL","TERMINATION_REASON_OPTIMAL"],"D2_condition_number":[1.0,100.0],"alpha":100.0,"primal_objective":[-4.9960722517506255,-4.999999999999],"l_inf_primal_residual":[0.0007855496498748726,1.999511667349907e-13],"relative_optimality_gap":[0.00035719556578454593,4.4570407970412404e-14],"D1_condition_number":[1.0,100.0],"last_iteration":1,"total_time":0.12534403800964355,"l_inf_dual_residual":[0.0,0.0],"blackbox_time":[0.013432979583740234,0.10826587677001953],"candidate_type":"POINT_TYPE_AVERAGE_ITERATE"}