{"instance":"./instance/10teams.mps.gz","primal_dual_gap":[-9.161040281677391e26,-3.3620482084717466e58,-2.816594064887612e74,-1.5624853191480598e93,-3.129503998005906e103,-2.129367021633685e118],"final iteration":5,"time_sec_limit":300,"optimal_cost":[1029.9675990848623,1050.8924830814376,1050.9253310121894,1052.5303671192535,1052.1086418058226,1051.694880720508],"max_iter":5,"objective_tol":1.0e-8,"optimality_gap":[1.3602950810391407e26,4.9425779953511346e57,4.1685223545002494e73,2.319379482896358e92,4.64423261924463e102,3.14935270854727e117],"initial_tol":0.001,"blackbox_time":[97.36600017547607,52.1800000667572,3.4709999561309814,5.104000091552734,1.242999792098999,2.140000104904175],"optimal_dual_cost":[9.161040281677391e26,3.3620482084717466e58,2.816594064887612e74,1.5624853191480598e93,3.129503998005906e103,2.129367021633685e118]}