{"instance":"./instance/10teams.mps.gz","primal_dual_gap":[702.8578846736149,4.384885946817647e6,4.384885946817647e6,4.384885946817647e6,4.384885946817647e6,4.384885946817647e6],"final iteration":5,"feasibility_optimality_gap":[0.01255009046513475,313209.76332585386,313209.76332585386,313209.76332585386,313209.76332585386,313209.76332585386],"time_sec_limit":300,"optimal_cost":[917.0708597381233,916.9999999999974,916.9999999999974,916.9999999999974,916.9999999999974,916.9999999999974],"max_iter":5,"objective_tol":1.0e-8,"initial_tol":0.001,"blackbox_time":[24.988999843597412,2.4690001010894775,0.02200007438659668,0.02200007438659668,0.029999971389770508,0.059999942779541016],"optimal_dual_cost":[214.2129750645084,-4.383968946817647e6,-4.383968946817647e6,-4.383968946817647e6,-4.383968946817647e6,-4.383968946817647e6]}