{"instance":"./instance/10teams.mps.gz","primal_dual_gap":[702.8578846736149,4.384885946817647e6,4.384885946817647e6,4.384885946817647e6,4.384885946817647e6,4.384885946817647e6,4.384885946817647e6,4.384885946817647e6,4.384885946817647e6,4.384885946817647e6,4.384885946817647e6],"final iteration":10,"feasibility_optimality_gap":[0.01255009046513475,313209.76332585386,313209.76332585386,313209.76332585386,313209.76332585386,313209.76332585386,313209.76332585386,313209.76332585386,313209.76332585386,313209.76332585386,313209.76332585386],"time_sec_limit":300,"optimal_cost":[917.0708597381233,916.9999999999974,916.9999999999974,916.9999999999974,916.9999999999974,916.9999999999974,916.9999999999974,916.9999999999974,916.9999999999974,916.9999999999974,916.9999999999974],"max_iter":10,"objective_tol":1.0e-8,"initial_tol":0.001,"blackbox_time":[24.25499987602234,2.570000171661377,0.029999971389770508,0.03299999237060547,0.07899999618530273,0.03399991989135742,0.031000137329101562,0.03099989891052246,0.032000064849853516,0.026000022888183594,0.03299999237060547],"optimal_dual_cost":[214.2129750645084,-4.383968946817647e6,-4.383968946817647e6,-4.383968946817647e6,-4.383968946817647e6,-4.383968946817647e6,-4.383968946817647e6,-4.383968946817647e6,-4.383968946817647e6,-4.383968946817647e6,-4.383968946817647e6]}