{
    "instance": "./instance/22433.mps.gz",
    "primal_dual_gap": [
        -3091.971785938058,
        -3045.7039832907285
    ],
    "final iteration": 1,
    "time_sec_limit": 300,
    "optimal_cost": [
        21208.66377362004,
        21240.526170995432
    ],
    "max_iter": 5,
    "objective_tol": 1.0e-8,
    "optimality_gap": [
        3.2833220772421328,
        7.999005902092904e-10
    ],
    "initial_tol": 0.001,
    "blackbox_time": [
        1.2639999389648438,
        15.102999925613403
    ],
    "optimal_dual_cost": [
        24300.635559558097,
        24286.23015428616
    ]
}