{
    "instance": "./instance/2club200v15p5scn.mps.gz",
    "primal_dual_gap": [
        -17.629370271488256,
        -17.644201032893363
    ],
    "final iteration": 1,
    "feasibility_optimality_gap": [
        0.23476282198604276,
        1.339408139955367e-9
    ],
    "time_sec_limit": 60,
    "bb_dual_objective": [
        -121.86193452419597,
        0.09849180481638742
    ],
    "max_iter": 1000.0,
    "objective_tol": 1.0e-8,
    "bb_primal_objective": [
        -121.61886030698875,
        0.09849181503001414
    ],
    "bb_relative_optimality_gap": [
        0.000994246674365841,
        8.53280408587875e-9
    ],
    "initial_tol": 0.001,
    "optimal_primal_cost": [
        -121.61886030698875,
        -121.22222221938634
    ],
    "total_time": 27.796000003814697,
    "blackbox_time": [
        3.7769999504089355,
        24.01900005340576
    ],
    "optimal_dual_cost": [
        -103.9894900355005,
        -103.57802118649298
    ]
}