{
    "instance": "./instance/2club200v15p5scn.mps.gz",
    "primal_dual_gap": [
        -17.629370271488256,
        -17.644919657683246,
        -17.158437438350006,
        -17.158437438350006
    ],
    "final iteration": 3,
    "feasibility_optimality_gap": [
        1.8499951795616605,
        2.0442788642690193,
        2.114788588107708,
        2.114788588107708
    ],
    "time_sec_limit": 60,
    "optimal_cost": [
        -121.61886030698875,
        -121.22222222137155,
        -121.22222222158322,
        -121.22222222158322
    ],
    "max_iter": 5,
    "objective_tol": 1.0e-8,
    "initial_tol": 0.001,
    "blackbox_time": [
        30.515000104904175,
        21.622999906539917,
        7.98199987411499,
        0.31400012969970703
    ],
    "optimal_dual_cost": [
        -103.9894900355005,
        -103.5773025636883,
        -104.06378478323322,
        -104.06378478323322
    ]
}