{"instance":"./instance/30_70_45_095_98.mps.gz","primal_dual_gap":[-6015.897336862791,-6013.602837362058,-6013.602837362058,-6013.602837362058,-6013.602837362058,-6013.602837362058],"final iteration":5,"time_sec_limit":300,"optimal_cost":[11.500249713514677,11.499999999678948,11.499999999678948,11.499999999678948,11.499999999678948,11.499999999678948],"max_iter":5,"objective_tol":1.0e-8,"optimality_gap":[5985.0,5985.0,5985.0,5985.0,5985.0,5985.0],"initial_tol":0.001,"blackbox_time":[2.8439998626708984,2.569999933242798,0.806999921798706,0.17799997329711914,0.15799999237060547,0.29399991035461426],"optimal_dual_cost":[6027.397586576306,6025.102837361737,6025.102837361737,6025.102837361737,6025.102837361737,6025.102837361737]}