{
    "instance": "./instance/30_70_45_095_100.mps.gz",
    "primal_dual_gap": [
        -6168.504172513041,
        -6166.82596610455,
        -6166.82596610455,
        -6166.82596610455,
        -6166.82596610455,
        -6166.82596610455
    ],
    "final iteration": 5,
    "time_sec_limit": 300,
    "optimal_cost": [
        3.0000159523638104,
        3.0000000001505214,
        3.0000000001505214,
        3.0000000001505214,
        3.0000000001505214,
        3.0000000001505214
    ],
    "max_iter": 5,
    "objective_tol": 1.0e-8,
    "optimality_gap": [
        6152.0,
        6152.0,
        6152.0,
        6152.0,
        6152.0,
        6152.0
    ],
    "initial_tol": 0.001,
    "blackbox_time": [
        2.4260001182556152,
        2.5,
        0.27700018882751465,
        0.755000114440918,
        0.12899994850158691,
        0.15000009536743164
    ],
    "optimal_dual_cost": [
        6171.504188465405,
        6169.8259661047005,
        6169.8259661047005,
        6169.8259661047005,
        6169.8259661047005,
        6169.8259661047005
    ]
}