{
    "instance": "./instance/30_70_45_05_100.mps.gz",
    "primal_dual_gap": [
        -5400.814323057816,
        -5401.30871982417,
        -5401.30871982417,
        -5401.30871982417,
        -5401.30871982417,
        -5401.30871982417
    ],
    "final iteration": 5,
    "time_sec_limit": 300,
    "optimal_cost": [
        8.1062147899911,
        8.100000005646962,
        8.100000005646962,
        8.100000005646962,
        8.100000005646962,
        8.100000005646962
    ],
    "max_iter": 5,
    "objective_tol": 1.0e-8,
    "optimality_gap": [
        5356.0,
        5356.0,
        5356.0,
        5356.0,
        5356.0,
        5356.0
    ],
    "initial_tol": 0.001,
    "blackbox_time": [
        2.7079999446868896,
        5.234000205993652,
        0.11399984359741211,
        0.1119999885559082,
        0.11100006103515625,
        0.372999906539917
    ],
    "optimal_dual_cost": [
        5408.920537847807,
        5409.408719829817,
        5409.408719829817,
        5409.408719829817,
        5409.408719829817,
        5409.408719829817
    ]
}