{
    "instance": "./instance/30n20b8.mps.gz",
    "primal_dual_gap": [
        -1.992363170779298e-6,
        -1.3670793222334252e-9,
        -1.3670793222334252e-9,
        -1.3670793222334252e-9,
        -1.3670793222334252e-9,
        -1.3670793222334252e-9
    ],
    "final iteration": 5,
    "time_sec_limit": 300,
    "optimal_cost": [
        0.0,
        0.0,
        0.0,
        0.0,
        0.0,
        0.0
    ],
    "max_iter": 5,
    "objective_tol": 1.0e-8,
    "optimality_gap": [
        28.698684161984424,
        6.3169189716211654e7,
        6.3169189716211654e7,
        6.3169189716211654e7,
        6.3169189716211654e7,
        6.3169189716211654e7
    ],
    "initial_tol": 0.001,
    "blackbox_time": [
        1.6540000438690186,
        6.392999887466431,
        0.13100004196166992,
        0.09200000762939453,
        0.10800004005432129,
        0.09999990463256836
    ],
    "optimal_dual_cost": [
        1.992363170779298e-6,
        1.3670793222334252e-9,
        1.3670793222334252e-9,
        1.3670793222334252e-9,
        1.3670793222334252e-9,
        1.3670793222334252e-9
    ]
}