{
    "instance": "./instance/50v-10.mps.gz",
    "primal_dual_gap": [
        0.6190748709886975,
        -2.7867827157024294e-8,
        -1.2576947483466938e-8,
        2943.065686853691,
        1542.6594368536935,
        -0.0006013836400597938
    ],
    "final iteration": 5,
    "time_sec_limit": 300,
    "optimal_cost": [
        2879.0719243422973,
        2879.0656868536744,
        2879.065686853671,
        2879.065686853691,
        2879.0656868536935,
        2879.065686853671
    ],
    "max_iter": 5,
    "objective_tol": 1.0e-8,
    "optimality_gap": [
        0.6142604621882372,
        1.013205292913346e-8,
        1.257681113424794e-8,
        486392.5866491212,
        1542.65943685369,
        0.000601383640670691
    ],
    "initial_tol": 0.001,
    "blackbox_time": [
        1.315999984741211,
        1.937000036239624,
        6.808000087738037,
        300.02699995040894,
        300.1319999694824,
        1.1129999160766602
    ],
    "optimal_dual_cost": [
        2878.4528494713086,
        2879.065686881542,
        2879.065686866248,
        -64.0,
        1336.40625,
        2879.0662882373113
    ]
}