{"instance":"./instance/8div-n59k10.mps.gz","primal_dual_gap":[-1.5675503972527167,-24780.257918324674,-6.597057480175781e7,-4.520423520038597e40,-2.626889290022302e66,-1.2712575018576414e92],"final iteration":5,"time_sec_limit":300,"optimal_cost":[-708.9680919216203,-709.000000001906,-708.9999999974018,-708.9999999974017,-708.999999997401,-708.9999999974018],"max_iter":5,"objective_tol":1.0e-8,"optimality_gap":[0.2556815338884969,1.0710209608078003e-8,568.2850158715311,3.7857834828401066e34,1.3173873926881345e61,4.297461143300019e86],"initial_tol":0.001,"blackbox_time":[32.31000018119812,24.225000143051147,300.4029998779297,300.89400005340576,300.5440001487732,300.59500002861023],"optimal_dual_cost":[-707.4005415243676,24071.257918322768,6.596986580175781e7,4.520423520038597e40,2.626889290022302e66,1.2712575018576414e92]}