{
    "instance": "./instance/8div-n59k11.mps.gz",
    "primal_dual_gap": [
        -0.8505475197848682,
        -1.934218062464946e6,
        -1.8640816562444639e28,
        -9.144787890475856e54,
        -1.0182433691361214e83,
        -1.4191052148320426e116
    ],
    "final iteration": 5,
    "time_sec_limit": 300,
    "optimal_cost": [
        -1421.5382078378714,
        -1421.00000001009,
        -1420.9999999845868,
        -1420.9999999845836,
        -1420.999999984585,
        -1420.9999999845845
    ],
    "max_iter": 5,
    "objective_tol": 1.0e-8,
    "optimality_gap": [
        3.022528317873366,
        5.6927092373371124e-8,
        3.9416118438552893e24,
        1.4176661631532747e50,
        1.4660301144684898e80,
        1.7065520374170712e112
    ],
    "initial_tol": 0.001,
    "blackbox_time": [
        8.061000108718872,
        55.57099986076355,
        302.7960000038147,
        302.5590000152588,
        302.34500002861023,
        302.3970000743866
    ],
    "optimal_dual_cost": [
        -1420.6876603180865,
        1.932797062464936e6,
        1.8640816562444639e28,
        9.144787890475856e54,
        1.0182433691361214e83,
        1.4191052148320426e116
    ]
}