{"instance":"./instance/8div-n59k12.mps.gz","primal_dual_gap":[-3.705686350927863,-3.056687827137485e6,-2.254408842822263e7,-1.0055354596401252e22,-4.652146922300246e34,-2.7582132199375996e49],"final iteration":5,"time_sec_limit":300,"optimal_cost":[-2848.4643884501656,-2844.999999981115,-2844.9999999748684,-2844.999999974871,-2844.9999999748698,-2844.999999974865],"max_iter":5,"objective_tol":1.0e-8,"optimality_gap":[17.45016383077018,1.0617077350616455e-7,727.8466528107866,1.315924742867145e18,3.8462424560636505e30,1.2204172122047305e45],"initial_tol":0.001,"blackbox_time":[20.305999994277954,174.3140001296997,307.8309998512268,307.960000038147,307.75,307.5150001049042],"optimal_dual_cost":[-2844.758702099238,3.0538428271375042e6,2.2541243428222656e7,1.0055354596401252e22,4.652146922300246e34,2.7582132199375996e49]}