{
    "relative_l_inf_primal_residual": [
        7.696851018450246e-5,
        1.8927796482937076e-10
    ],
    "instance": "./MIPLIB/30n20b8.mps.gz",
    "final iteration": 1,
    "time_sec_limit": 600,
    "dual_objective": [
        1.5635264633484312,
        1.5664074331985418
    ],
    "max_iter": 5,
    "relative_l_inf_dual_residual": [
        3.565831754712139e-8,
        5.038782345396607e-13
    ],
    "objective_tol": 1.0e-8,
    "max_time": 600,
    "initial_tol": 0.001,
    "primal_objective": [
        1.5664027105035228,
        1.5664076449892832
    ],
    "l_inf_primal_residual": [
        0.00015393702036900492,
        3.785559296587415e-10
    ],
    "relative_optimality_gap": [
        0.0006964398259665433,
        5.124612095682301e-8
    ],
    "total_time": 84.52843308448792,
    "l_inf_dual_residual": [
        3.6014900722592604e-6,
        5.089170168850573e-11
    ],
    "blackbox_time": [
        71.83905506134033,
        12.680238962173462
    ],
    "candidate_type": "POINT_TYPE_AVERAGE_ITERATE"
}