{"relative_l_inf_primal_residual":[0.087275592568478],"instance":"./MIPLIB/ci-s4.mps.gz","final iteration":0,"time_sec_limit":600,"dual_objective":[7.803968997775674e6],"max_iter":0,"relative_l_inf_dual_residual":[0.01770931513971153],"objective_tol":1.0e-8,"max_time":600,"initial_tol":1.0e-8,"primal_objective":[-132.03946095187496],"l_inf_primal_residual":[129080.68868437153],"relative_optimality_gap":[0.9999998718622597],"total_time":5.508959054946899,"l_inf_dual_residual":[0.03455912084616177],"blackbox_time":[5.501024007797241],"candidate_type":"POINT_TYPE_AVERAGE_ITERATE"}