{"relative_l_inf_primal_residual":[2.7259846046607523e-8],"instance":"./MIPLIB/cmflsp50-24-8-8.mps.gz","final iteration":0,"time_sec_limit":600,"dual_objective":[5.4633108424284555e7],"max_iter":0,"relative_l_inf_dual_residual":[9.547435071973949e-13],"objective_tol":1.0e-8,"max_time":600,"initial_tol":1.0e-8,"primal_objective":[5.4633108416496046e7],"l_inf_primal_residual":[4.697416670751409e-5],"relative_optimality_gap":[7.128012009921569e-11],"total_time":10.102340936660767,"l_inf_dual_residual":[1.0581832925451173e-5],"blackbox_time":[10.097623109817505],"candidate_type":"POINT_TYPE_AVERAGE_ITERATE"}