{
    "relative_l_inf_primal_residual": [
        6.164456332778566e-12
    ],
    "instance": "./MIPLIB/dws008-03.mps.gz",
    "final iteration": 0,
    "time_sec_limit": 600,
    "dual_objective": [
        584.4999975800812
    ],
    "max_iter": 0,
    "relative_l_inf_dual_residual": [
        4.773202067731096e-13
    ],
    "objective_tol": 1.0e-8,
    "max_time": 600,
    "initial_tol": 1.0e-8,
    "primal_objective": [
        584.500000102709
    ],
    "l_inf_primal_residual": [
        9.123395372512277e-10
    ],
    "relative_optimality_gap": [
        2.156092161504618e-9
    ],
    "total_time": 2.999418020248413,
    "l_inf_dual_residual": [
        1.3608399095101354e-9
    ],
    "blackbox_time": [
        2.991374969482422
    ],
    "candidate_type": "POINT_TYPE_AVERAGE_ITERATE"
}