{"relative_l_inf_primal_residual":[0.0024414835582486916,8.194749323564565e-10],"instance":"./MIPLIB/ex1010-pi.mps.gz","final iteration":1,"time_sec_limit":600,"dual_objective":[220.39376429337426,220.67008704086726],"max_iter":5,"relative_l_inf_dual_residual":[0.00036979429814482567,4.434968763219159e-12],"objective_tol":1.0e-8,"max_time":600,"initial_tol":0.001,"primal_objective":[220.6892182058392,220.6700870452199],"l_inf_primal_residual":[0.004882967116497383,1.638949864712913e-9],"relative_optimality_gap":[0.0006683222927846486,9.840034764448326e-12],"total_time":39.01746487617493,"l_inf_dual_residual":[0.0007395885962896513,8.869937526438318e-12],"blackbox_time":[0.4276118278503418,38.57804489135742],"candidate_type":"POINT_TYPE_AVERAGE_ITERATE"}