{"relative_l_inf_primal_residual":[3.199129983144644e-8],"instance":"./MIPLIB/ex1010-pi.mps.gz","final iteration":0,"time_sec_limit":600,"dual_objective":[220.67008628161526],"max_iter":0,"relative_l_inf_dual_residual":[8.578886405214422e-10],"objective_tol":1.0e-8,"max_time":600,"initial_tol":1.0e-8,"primal_objective":[220.6700870302364],"l_inf_primal_residual":[6.398259966289288e-8],"relative_optimality_gap":[1.6924104851027048e-9],"total_time":24.207360982894897,"l_inf_dual_residual":[1.7157772810428844e-9],"blackbox_time":[24.201602935791016],"candidate_type":"POINT_TYPE_AVERAGE_ITERATE"}