{"relative_l_inf_primal_residual":[1.4977615592215443e-8],"instance":"./MIPLIB/fiball.mps.gz","final iteration":0,"time_sec_limit":600,"dual_objective":[137.06916692932714],"max_iter":0,"relative_l_inf_dual_residual":[8.202039047944254e-11],"objective_tol":1.0e-8,"max_time":600,"initial_tol":1.0e-8,"primal_objective":[137.06916765220757],"l_inf_primal_residual":[2.9955231184430886e-8],"relative_optimality_gap":[2.6273344657444057e-9],"total_time":2.313107967376709,"l_inf_dual_residual":[1.6404078095888508e-10],"blackbox_time":[2.308060884475708],"candidate_type":"POINT_TYPE_AVERAGE_ITERATE"}