{"relative_l_inf_primal_residual":[0.0048012626589297724,8.128608897095546e-12],"instance":"./MIPLIB/fiball.mps.gz","final iteration":1,"time_sec_limit":600,"dual_objective":[136.9629457716251,137.06916761398315],"max_iter":5,"relative_l_inf_dual_residual":[1.2225200487048227e-5,8.063549827852512e-13],"objective_tol":1.0e-8,"max_time":600,"initial_tol":0.001,"primal_objective":[137.0722132937809,137.06916764360744],"l_inf_primal_residual":[0.009602525317859545,1.6257217794191092e-11],"relative_optimality_gap":[0.0003972856507767607,1.0767052425496558e-10],"total_time":5.875493049621582,"l_inf_dual_residual":[2.4450400974096453e-5,1.6127099655705024e-12],"blackbox_time":[0.513092041015625,5.3515520095825195],"candidate_type":"POINT_TYPE_AVERAGE_ITERATE"}