{"relative_l_inf_primal_residual":[5.322669419093115e-9],"instance":"./MIPLIB/ger50-17-trans-dfn-3t.mps.gz","final iteration":0,"time_sec_limit":600,"dual_objective":[3453.475194274997],"max_iter":0,"relative_l_inf_dual_residual":[2.3366103100653113e-11],"objective_tol":1.0e-8,"max_time":600,"initial_tol":1.0e-8,"primal_objective":[3453.475242052805],"l_inf_primal_residual":[0.006299560228256951],"relative_optimality_gap":[6.916350665087086e-9],"total_time":42.22440505027771,"l_inf_dual_residual":[8.584706279179954e-10],"blackbox_time":[42.218990087509155],"candidate_type":"POINT_TYPE_AVERAGE_ITERATE"}