{"relative_l_inf_primal_residual":[0.0004957565691464916,2.1031401223973404e-12],"instance":"./MIPLIB/ger50-17-trans-dfn-3t.mps.gz","final iteration":1,"time_sec_limit":600,"dual_objective":[4705.512491078321,3453.4752493413102],"max_iter":5,"relative_l_inf_dual_residual":[0.00012595312635285642,2.154812172401181e-7],"objective_tol":1.0e-8,"max_time":600,"initial_tol":0.001,"primal_objective":[4709.0873280288715,3453.47524654857],"l_inf_primal_residual":[586.7447553082238,2.489137841621414e-6],"relative_optimality_gap":[0.0003796717170685641,4.042791508723215e-10],"total_time":84.16032695770264,"l_inf_dual_residual":[0.004627517862203945,7.91677992140194e-6],"blackbox_time":[1.3629240989685059,82.78665399551392],"candidate_type":"POINT_TYPE_AVERAGE_ITERATE"}