{
    "relative_l_inf_primal_residual": [
        105028.80190625908,
        0.0005611054054120692,
        3.003129144994224e-6,
        3.003129144994224e-6,
        4.494562745094299e-6,
        4.494562745094299e-6
    ],
    "instance": "./MIPLIB/leo1.mps.gz",
    "final iteration": 5,
    "time_sec_limit": 600,
    "dual_objective": [
        2.8051284919073293e6,
        3.885709274210096e8,
        3.885725760433748e8,
        3.885725760433748e8,
        3.885549929878649e8,
        3.885549929878649e8
    ],
    "max_iter": 5,
    "relative_l_inf_dual_residual": [
        0.4922098897529954,
        5.2613222806030535e-5,
        0.00017411148662202473,
        0.00017411148662202473,
        0.00020197816055075312,
        0.00020197816055075312
    ],
    "objective_tol": 1.0e-8,
    "max_time": 600,
    "initial_tol": 0.001,
    "primal_objective": [
        -3.3968206975716427e6,
        3.8857200281536746e8,
        3.885732969507083e8,
        3.885732969507083e8,
        3.885733181906464e8,
        3.885733181906464e8
    ],
    "l_inf_primal_residual": [
        4.306180878156622e6,
        0.023005321621894836,
        0.00012312829494476318,
        0.00012312829494476318,
        0.00018427707254886627,
        0.00018427707254886627
    ],
    "relative_optimality_gap": [
        0.9999998387603948,
        1.3837793726685713e-6,
        9.27634511971077e-7,
        9.27634511971077e-7,
        2.3580665501849603e-5,
        2.3580665501849603e-5
    ],
    "total_time": 600.2914218902588,
    "l_inf_dual_residual": [
        0.9844197795059908,
        0.00010522644561206107,
        0.00034822297324404945,
        0.00034822297324404945,
        0.00040395632110150624,
        0.00040395632110150624
    ],
    "blackbox_time": [
        0.14123201370239258,
        174.0657811164856,
        243.85022902488708,
        0.1285710334777832,
        181.90205788612366,
        0.17429709434509277
    ],
    "candidate_type": "POINT_TYPE_AVERAGE_ITERATE"
}