{"relative_l_inf_primal_residual":[1.5629138710499483e-8],"instance":"./MIPLIB/lr1dr04vc05v17a-t360.mps.gz","final iteration":0,"time_sec_limit":600,"dual_objective":[247111.68917662647],"max_iter":0,"relative_l_inf_dual_residual":[6.989910096331298e-11],"objective_tol":1.0e-8,"max_time":600,"initial_tol":1.0e-8,"primal_objective":[247112.0251772399],"l_inf_primal_residual":[2.063046309785932e-6],"relative_optimality_gap":[6.798539281285347e-7],"total_time":600.7617371082306,"l_inf_dual_residual":[8.80566642716619e-8],"blackbox_time":[600.7563319206238],"candidate_type":"POINT_TYPE_AVERAGE_ITERATE"}