{"relative_l_inf_primal_residual":[1.867215811409661e-5,4.257707054262717e-8],"instance":"./MIPLIB/lr1dr04vc05v17a-t360.mps.gz","final iteration":1,"time_sec_limit":600,"dual_objective":[246485.44117597712,247111.6918024397],"max_iter":5,"relative_l_inf_dual_residual":[4.2798213671101035e-6,3.915680105301852e-12],"objective_tol":1.0e-8,"max_time":600,"initial_tol":0.001,"primal_objective":[246976.3292819026,247110.7256196409],"l_inf_primal_residual":[0.0024647248710607528,5.620173311626786e-6],"relative_optimality_gap":[0.0009947824543480798,1.9549514748353954e-6],"total_time":600.2140121459961,"l_inf_dual_residual":[0.005391582839729234,4.932849259517121e-9],"blackbox_time":[38.925727128982544,561.2502129077911],"candidate_type":"POINT_TYPE_AVERAGE_ITERATE"}