{"relative_l_inf_primal_residual":[2.0936804193127934e-7],"instance":"./MIPLIB/momentum1.mps.gz","final iteration":0,"time_sec_limit":600,"dual_objective":[72793.34321287274],"max_iter":0,"relative_l_inf_dual_residual":[4.588058512483471e-9],"objective_tol":1.0e-8,"max_time":600,"initial_tol":1.0e-8,"primal_objective":[72793.34466210614],"l_inf_primal_residual":[8.374721677251173e-7],"relative_optimality_gap":[9.954367861532385e-9],"total_time":217.79331517219543,"l_inf_dual_residual":[2.93681625384067e-5],"blackbox_time":[217.78725814819336],"candidate_type":"POINT_TYPE_AVERAGE_ITERATE"}