{"relative_l_inf_primal_residual":[0.0028484839226248504,1.344236169403823e-5],"instance":"./MIPLIB/momentum1.mps.gz","final iteration":1,"time_sec_limit":600,"dual_objective":[72719.58306702971,72793.08947753906],"max_iter":5,"relative_l_inf_dual_residual":[0.0001462454106893146,1.2068622606428804e-10],"objective_tol":1.0e-8,"max_time":600,"initial_tol":0.001,"primal_objective":[72860.59962915069,72793.03800089822],"l_inf_primal_residual":[0.011393935690499402,5.376944677615292e-5],"relative_optimality_gap":[0.0009686455317186693,3.535796174884418e-7],"total_time":600.4641299247742,"l_inf_dual_residual":[0.9361168738223027,7.725125330375077e-7],"blackbox_time":[16.48851990699768,583.9618849754333],"candidate_type":"POINT_TYPE_AVERAGE_ITERATE"}