{"relative_l_inf_primal_residual":[3.6063874719882705e-8],"instance":"./MIPLIB/mzzv11.mps.gz","final iteration":0,"time_sec_limit":600,"dual_objective":[-22945.239689805116],"max_iter":0,"relative_l_inf_dual_residual":[6.175714232448262e-12],"objective_tol":1.0e-8,"max_time":600,"initial_tol":1.0e-8,"primal_objective":[-22945.240126952947],"l_inf_primal_residual":[7.212774943976541e-8],"relative_optimality_gap":[9.525686106338354e-9],"total_time":387.9867799282074,"l_inf_dual_residual":[1.2357604179128973e-8],"blackbox_time":[387.94483494758606],"candidate_type":"POINT_TYPE_AVERAGE_ITERATE"}