{"relative_l_inf_primal_residual":[0.010588586711619542,8.586136246435672e-10],"instance":"./MIPLIB/mzzv11.mps.gz","final iteration":1,"time_sec_limit":600,"dual_objective":[-23050.922070864974,-22945.239667342117],"max_iter":5,"relative_l_inf_dual_residual":[1.8191380346448444e-5,2.6375414016819277e-13],"objective_tol":1.0e-8,"max_time":600,"initial_tol":0.001,"primal_objective":[-23013.892099706307,-22945.239601895162],"l_inf_primal_residual":[0.021177173423239083,1.7172272492871343e-9],"relative_optimality_gap":[0.000803849271426163,1.4261243267680942e-9],"total_time":563.3611030578613,"l_inf_dual_residual":[0.036400952073243335,5.277720344765537e-10],"blackbox_time":[57.97231388092041,505.3785710334778],"candidate_type":"POINT_TYPE_AVERAGE_ITERATE"}