{"relative_l_inf_primal_residual":[5.962387206182029e-8],"instance":"./MIPLIB/neos-3372571-onahau.mps.gz","final iteration":0,"time_sec_limit":600,"dual_objective":[0.3548972540790384],"max_iter":0,"relative_l_inf_dual_residual":[5.7081032106706266e-11],"objective_tol":1.0e-8,"max_time":600,"initial_tol":1.0e-8,"primal_objective":[0.3548972630773851],"l_inf_primal_residual":[3.5774323237092176e-7],"relative_optimality_gap":[5.262823482067596e-9],"total_time":28.698227882385254,"l_inf_dual_residual":[5.7537680363559916e-11],"blackbox_time":[28.65875506401062],"candidate_type":"POINT_TYPE_AVERAGE_ITERATE"}