{"relative_l_inf_primal_residual":[0.004034659068184639,6.299467614212517e-10],"instance":"./MIPLIB/neos-3372571-onahau.mps.gz","final iteration":1,"time_sec_limit":600,"dual_objective":[0.35444139850997913,0.3548972623732873],"max_iter":5,"relative_l_inf_dual_residual":[3.1331030050579005e-6,2.0206139893948612e-13],"objective_tol":1.0e-8,"max_time":600,"initial_tol":0.001,"primal_objective":[0.3548070815085398,0.35489726238510966],"l_inf_primal_residual":[0.024207954409107835,3.77968056852751e-9],"relative_optimality_gap":[0.0002139437319006391,6.914501269002038e-12],"total_time":60.06886100769043,"l_inf_dual_residual":[3.1581678290983636e-6,2.0367789013100201e-13],"blackbox_time":[6.12714695930481,53.92909216880798],"candidate_type":"POINT_TYPE_AVERAGE_ITERATE"}