{"relative_l_inf_primal_residual":[1.7195439012079368e-10],"instance":"./MIPLIB/neos-4359986-taipa.mps.gz","final iteration":0,"time_sec_limit":600,"dual_objective":[0.29659273581362944],"max_iter":0,"relative_l_inf_dual_residual":[9.712006031110528e-13],"objective_tol":1.0e-8,"max_time":600,"initial_tol":1.0e-8,"primal_objective":[0.29659273642818856],"l_inf_primal_residual":[3.782996582657461e-9],"relative_optimality_gap":[3.8574236114915996e-10],"total_time":18.724507093429565,"l_inf_dual_residual":[1.9424012062221056e-12],"blackbox_time":[18.715723037719727],"candidate_type":"POINT_TYPE_AVERAGE_ITERATE"}