{"relative_l_inf_primal_residual":[5.642867515476269e-7,5.322055927272438e-13],"instance":"./MIPLIB/neos-4359986-taipa.mps.gz","final iteration":1,"time_sec_limit":600,"dual_objective":[0.2965505765618545,0.29659273934972347],"max_iter":5,"relative_l_inf_dual_residual":[4.669675071525786e-8,1.8993588378251012e-13],"objective_tol":1.0e-8,"max_time":600,"initial_tol":0.001,"primal_objective":[0.2966030830641492,0.29659273951764165],"l_inf_primal_residual":[1.2414308534047791e-5,1.1708523039999363e-11],"relative_optimality_gap":[3.2957588225974416e-5,1.0539775913637776e-10],"total_time":21.119714975357056,"l_inf_dual_residual":[9.339350143051572e-8,3.7987176756502024e-13],"blackbox_time":[18.065654039382935,3.0364789962768555],"candidate_type":"POINT_TYPE_AVERAGE_ITERATE"}