{"relative_l_inf_primal_residual":[5.3588470335334614e-6,1.9566704482237934e-14],"instance":"./MIPLIB/neos-1354092.mps.gz","final iteration":1,"time_sec_limit":600,"dual_objective":[13.263813890318062,13.285714279856057],"max_iter":5,"relative_l_inf_dual_residual":[1.3726678414368728e-5,1.428392924706051e-12],"objective_tol":1.0e-8,"max_time":600,"initial_tol":0.001,"primal_objective":[13.286012258737923,13.285714285712526],"l_inf_primal_residual":[0.0010664105596731588,3.893774191965349e-12],"relative_optimality_gap":[0.0008057534846049062,2.1241079596345078e-10],"total_time":10.810636043548584,"l_inf_dual_residual":[2.7453356828737456e-5,2.856785849412102e-12],"blackbox_time":[1.8342020511627197,8.966662168502808],"candidate_type":"POINT_TYPE_AVERAGE_ITERATE"}