{"relative_l_inf_primal_residual":[2.6204752421092333e-10],"instance":"./MIPLIB/neos-1171448.mps.gz","final iteration":0,"time_sec_limit":600,"dual_objective":[-309.00000354520057],"max_iter":0,"relative_l_inf_dual_residual":[8.754370395269717e-9],"objective_tol":1.0e-8,"max_time":600,"initial_tol":1.0e-8,"primal_objective":[-308.9999987425487],"l_inf_primal_residual":[3.147190765773189e-7],"relative_optimality_gap":[7.758726721609889e-9],"total_time":1.8077871799468994,"l_inf_dual_residual":[1.7508740790539434e-8],"blackbox_time":[1.8031630516052246],"candidate_type":"POINT_TYPE_AVERAGE_ITERATE"}