{"relative_l_inf_primal_residual":[4.4367185061979674e-5,3.7864059191212667e-16],"instance":"./MIPLIB/neos-1171448.mps.gz","final iteration":1,"time_sec_limit":600,"dual_objective":[-309.05003386887756,-309.00000000092905],"max_iter":5,"relative_l_inf_dual_residual":[0.00029606073584309556,1.0526357563378497e-11],"objective_tol":1.0e-8,"max_time":600,"initial_tol":0.001,"primal_objective":[-309.09136201335286,-308.99999999999955],"l_inf_primal_residual":[0.05328498925943759,4.547473508864641e-13],"relative_optimality_gap":[6.675073698861882e-5,1.501621300824779e-12],"total_time":2.6998450756073,"l_inf_dual_residual":[0.0005921214716861911,2.1052715126756993e-11],"blackbox_time":[2.0005581378936768,0.6875410079956055],"candidate_type":"POINT_TYPE_AVERAGE_ITERATE"}