{"relative_l_inf_primal_residual":[9.9599782915677e-9],"instance":"./MIPLIB/neos-827175.mps.gz","final iteration":0,"time_sec_limit":600,"dual_objective":[112.00151992236547],"max_iter":0,"relative_l_inf_dual_residual":[1.4136485004991068e-12],"objective_tol":1.0e-8,"max_time":600,"initial_tol":1.0e-8,"primal_objective":[112.00152174496853],"l_inf_primal_residual":[1.1055575903640147e-6],"relative_optimality_gap":[8.100348510240969e-9],"total_time":18.32509684562683,"l_inf_dual_residual":[2.8272970009982137e-12],"blackbox_time":[18.319726943969727],"candidate_type":"POINT_TYPE_AVERAGE_ITERATE"}