{"relative_l_inf_primal_residual":[0.0008123023197925562,2.9124986706658815e-11],"instance":"./MIPLIB/neos-827175.mps.gz","final iteration":1,"time_sec_limit":600,"dual_objective":[111.90151630341464,112.00152000543659],"max_iter":5,"relative_l_inf_dual_residual":[6.105780475444237e-6,2.1178571117425223e-13],"objective_tol":1.0e-8,"max_time":600,"initial_tol":0.001,"primal_objective":[111.8671974967387,112.00152000510249],"l_inf_primal_residual":[0.09016555749697375,3.2328735244391282e-9],"relative_optimality_gap":[0.00015268498046598508,1.4848563572241073e-12],"total_time":84.5967469215393,"l_inf_dual_residual":[1.2211560950888474e-5,4.2357142234850445e-13],"blackbox_time":[4.516615867614746,80.06657695770264],"candidate_type":"POINT_TYPE_AVERAGE_ITERATE"}