{"relative_l_inf_primal_residual":[2.760743792525825e-12],"instance":"./MIPLIB/ns1856153.mps.gz","final iteration":0,"time_sec_limit":600,"dual_objective":[-1.7820411812863313e-10],"max_iter":0,"relative_l_inf_dual_residual":[5.351024330721488e-13],"objective_tol":1.0e-8,"max_time":600,"initial_tol":1.0e-8,"primal_objective":[0.0],"l_inf_primal_residual":[2.763504536318351e-9],"relative_optimality_gap":[1.7820411809687642e-10],"total_time":9.592637062072754,"l_inf_dual_residual":[1.0702048661442977e-12],"blackbox_time":[9.582406997680664],"candidate_type":"POINT_TYPE_AVERAGE_ITERATE"}