{"relative_l_inf_primal_residual":[0.0001439689523810017,1.1940886404104845e-6,1.1940886404104845e-6],"instance":"/nfs/sloanlab007/projects/pdopt_proj/instances/lp/miplib2017/ds-big.mps.gz","time_sec_limit":600,"dual_objective":[86.80026035294846,86.82003782006714,86.82003782006714],"max_iter":1000.0,"relative_l_inf_dual_residual":[0.0,0.0,0.0],"objective_tol":1.0e-8,"termination_reason":["TERMINATION_REASON_OPTIMAL","TERMINATION_REASON_TIME_LIMIT","TERMINATION_REASON_TIME_LIMIT"],"D2_condition_number":[1.0,1.0,1.0],"alpha":1.5,"initial_tol":0.001,"primal_objective":[86.91212365557166,86.81900352369713,86.81900352369713],"l_inf_primal_residual":[0.0002879379047620034,2.388177280820969e-6,2.388177280820969e-6],"relative_optimality_gap":[0.0006402711705756983,5.9224808041195925e-6,5.9224808041195925e-6],"D1_condition_number":[1.0,1.0,1.0],"last_iteration":2,"total_time":609.3562848567963,"l_inf_dual_residual":[0.0,0.0,0.0],"blackbox_time":[48.09205889701843,556.0812709331512,4.762342929840088],"candidate_type":"POINT_TYPE_AVERAGE_ITERATE"}