{"relative_l_inf_primal_residual":[0.0001439689523810017,1.7376072324326586e-5,1.7376072324326586e-5],"instance":"/nfs/sloanlab007/projects/pdopt_proj/instances/lp/miplib2017/ds-big.mps.gz","time_sec_limit":600,"dual_objective":[86.80026035294846,86.81999866872756,86.81999866872756],"max_iter":1000.0,"relative_l_inf_dual_residual":[0.0,0.0,0.0],"objective_tol":1.0e-8,"termination_reason":["TERMINATION_REASON_OPTIMAL","TERMINATION_REASON_TIME_LIMIT","TERMINATION_REASON_TIME_LIMIT"],"D2_condition_number":[1.0,1.0,1.0],"alpha":1.01,"initial_tol":0.001,"primal_objective":[86.91212365557166,86.8410392041691,86.8410392041691],"l_inf_primal_residual":[0.0002879379047620034,3.475214464865317e-5,3.475214464865317e-5],"relative_optimality_gap":[0.0006402711705756983,0.00012046496286627089,0.00012046496286627089],"D1_condition_number":[1.0,1.0,1.0],"last_iteration":2,"total_time":609.2086930274963,"l_inf_dual_residual":[0.0,0.0,0.0],"blackbox_time":[48.30248999595642,556.1982598304749,4.257145166397095],"candidate_type":"POINT_TYPE_AVERAGE_ITERATE"}