{"relative_l_inf_primal_residual":[0.0001439689523810017,1.5062027666212785e-6,1.5062027666212785e-6],"instance":"/nfs/sloanlab007/projects/pdopt_proj/instances/lp/miplib2017/ds-big.mps.gz","time_sec_limit":600,"dual_objective":[86.80026035294846,86.81976961438633,86.81976961438633],"max_iter":1000.0,"relative_l_inf_dual_residual":[0.0,0.0,0.0],"objective_tol":1.0e-8,"termination_reason":["TERMINATION_REASON_OPTIMAL","TERMINATION_REASON_TIME_LIMIT","TERMINATION_REASON_TIME_LIMIT"],"D2_condition_number":[1.0,1.0,1.0],"alpha":1.001,"initial_tol":0.001,"primal_objective":[86.91212365557166,86.81921326880294,86.81921326880294],"l_inf_primal_residual":[0.0002879379047620034,3.012405533242557e-6,3.012405533242557e-6],"relative_optimality_gap":[0.0006402711705756983,3.185689553419562e-6,3.185689553419562e-6],"D1_condition_number":[1.0,1.0,1.0],"last_iteration":2,"total_time":607.5481059551239,"l_inf_dual_residual":[0.0,0.0,0.0],"blackbox_time":[68.44767308235168,534.7235081195831,3.472342014312744],"candidate_type":"POINT_TYPE_AVERAGE_ITERATE"}