{"relative_l_inf_primal_residual":[0.0001439689523810017,5.609125779626467e-5,5.609125779626467e-5],"instance":"/nfs/sloanlab007/projects/pdopt_proj/instances/lp/miplib2017/ds-big.mps.gz","time_sec_limit":600,"dual_objective":[86.80026035294846,86.82003316575064,86.82003316575064],"max_iter":1000.0,"relative_l_inf_dual_residual":[0.0,0.0,0.0],"objective_tol":1.0e-8,"termination_reason":["TERMINATION_REASON_OPTIMAL","TERMINATION_REASON_TIME_LIMIT","TERMINATION_REASON_TIME_LIMIT"],"D2_condition_number":[1.0,1.0,1.0],"alpha":1.1,"initial_tol":0.001,"primal_objective":[86.91212365557166,86.87932318418663,86.87932318418663],"l_inf_primal_residual":[0.0002879379047620034,0.00011218251559252934,0.00011218251559252934],"relative_optimality_gap":[0.0006402711705756983,0.0003393831532912169,0.0003393831532912169],"D1_condition_number":[1.0,1.0,1.0],"last_iteration":2,"total_time":609.0568959712982,"l_inf_dual_residual":[0.0,0.0,0.0],"blackbox_time":[48.4001989364624,555.8308990001678,4.411237001419067],"candidate_type":"POINT_TYPE_AVERAGE_ITERATE"}