{"relative_l_inf_primal_residual":[0.0001439689523810017,2.366755659566344e-6,2.366755659566344e-6],"instance":"/nfs/sloanlab007/projects/pdopt_proj/instances/lp/miplib2017/ds-big.mps.gz","time_sec_limit":600,"dual_objective":[86.80026035294846,86.8200337418452,86.8200337418452],"max_iter":1000.0,"relative_l_inf_dual_residual":[0.0,0.0,0.0],"objective_tol":1.0e-8,"termination_reason":["TERMINATION_REASON_OPTIMAL","TERMINATION_REASON_TIME_LIMIT","TERMINATION_REASON_TIME_LIMIT"],"D2_condition_number":[1.0,1.0,1.0],"alpha":0.0001,"initial_tol":0.001,"primal_objective":[86.91212365557166,86.81800585679156,86.81800585679156],"l_inf_primal_residual":[0.0002879379047620034,4.733511319132688e-6,4.733511319132688e-6],"relative_optimality_gap":[0.0006402711705756983,1.1611932075602297e-5,1.1611932075602297e-5],"D1_condition_number":[1.0,1.0,1.0],"last_iteration":2,"total_time":609.5838451385498,"l_inf_dual_residual":[0.0,0.0,0.0],"blackbox_time":[45.74942207336426,558.4238140583038,5.009911060333252],"candidate_type":"POINT_TYPE_AVERAGE_ITERATE"}