{"relative_l_inf_primal_residual":[0.00019712710193268515,3.3676765080296414e-15],"instance":"/nfs/sloanlab007/projects/pdopt_proj/instances/lp/miplib2017/graph40-80-1rand.mps.gz","time_sec_limit":600,"dual_objective":[-512.7613550446691,-511.99999999722013],"max_iter":1000.0,"relative_l_inf_dual_residual":[1.1062996958001414e-6,2.9621354337369687e-13],"objective_tol":1.0e-8,"termination_reason":["TERMINATION_REASON_OPTIMAL","TERMINATION_REASON_OPTIMAL"],"D2_condition_number":[1.0,1.0],"alpha":1.5,"initial_tol":0.001,"primal_objective":[-512.0,-512.0],"l_inf_primal_residual":[0.0005913813057980555,1.0103029524088925e-14],"relative_optimality_gap":[0.0007422340887817671,2.712068835099019e-12],"D1_condition_number":[1.0,1.0],"last_iteration":1,"total_time":34.700989961624146,"l_inf_dual_residual":[2.2125993916002827e-6,5.924270867473937e-13],"blackbox_time":[13.983469009399414,19.72878909111023],"candidate_type":"POINT_TYPE_AVERAGE_ITERATE"}