{"relative_l_inf_primal_residual":[0.0007628913428707647,1.2974246815590988e-14],"instance":"/nfs/sloanlab007/projects/pdopt_proj/instances/lp/miplib2017/neos-4647030-tutaki.mps.gz","time_sec_limit":600,"dual_objective":[26889.57610110498,26911.641615543693],"max_iter":1000.0,"relative_l_inf_dual_residual":[1.5988521958676577e-5,4.054260182781433e-14],"objective_tol":1.0e-8,"termination_reason":["TERMINATION_REASON_OPTIMAL","TERMINATION_REASON_OPTIMAL"],"D2_condition_number":[1.0,1.0],"alpha":1.5,"initial_tol":0.001,"primal_objective":[26902.171803014015,26911.64161555343],"l_inf_primal_residual":[0.534786831352406,9.094947017729282e-12],"relative_optimality_gap":[0.0002341524164462737,1.809382063625486e-13],"D1_condition_number":[1.0,1.0],"last_iteration":1,"total_time":29.507241010665894,"l_inf_dual_residual":[3.1977043917353155e-5,8.108520365562866e-14],"blackbox_time":[17.272763967514038,11.020084857940674],"candidate_type":"POINT_TYPE_AVERAGE_ITERATE"}