{"relative_l_inf_primal_residual":[1.2013455052730457e-5,3.2297397080004555e-16,8.074349270001139e-17,8.074349270001139e-17],"instance":"/nfs/sloanlab007/projects/pdopt_proj/instances/lp/miplib2017/neos-5129192-manaia.mps.gz","time_sec_limit":600,"dual_objective":[-0.00099435755381159,-3.528028037911532e-8,-6.40250661300354,-6.40250661300354],"max_iter":1000.0,"relative_l_inf_dual_residual":[5.558493223381898e-12,3.0741879391681594e-17,7.0651667068818665e-9,7.0651667068818665e-9],"objective_tol":1.0e-8,"termination_reason":["TERMINATION_REASON_OPTIMAL","TERMINATION_REASON_OPTIMAL","TERMINATION_REASON_TIME_LIMIT","TERMINATION_REASON_TIME_LIMIT"],"D2_condition_number":[1.0,1.0,1.0,1.0],"alpha":1.5,"initial_tol":0.001,"primal_objective":[0.0,0.0,4.962307894731738e-18,4.962307894731738e-18],"l_inf_primal_residual":[0.00013214800558003503,3.552713678800501e-15,8.881784197001252e-16,8.881784197001252e-16],"relative_optimality_gap":[0.0009933697890581118,3.528027913441718e-8,0.8649106238901078,0.8649106238901078],"D1_condition_number":[1.0,1.0,1.0,1.0],"last_iteration":3,"total_time":609.6869699954987,"l_inf_dual_residual":[1.141992432743811e-8,6.315919121020983e-14,1.4515384999288794e-5,1.4515384999288794e-5],"blackbox_time":[10.555708169937134,21.142987966537476,572.346755027771,4.620759963989258],"candidate_type":"POINT_TYPE_AVERAGE_ITERATE"}