{"relative_l_inf_primal_residual":[1.2013455052730457e-5,1.6148698540002277e-16,8.074349270001139e-17,8.074349270001139e-17],"instance":"/nfs/sloanlab007/projects/pdopt_proj/instances/lp/miplib2017/neos-5129192-manaia.mps.gz","time_sec_limit":600,"dual_objective":[-0.00099435755381159,-2.3723680707883862e-8,-25.23114523614272,-25.23114523614272],"max_iter":1000.0,"relative_l_inf_dual_residual":[5.558493223381898e-12,1.465416432383936e-17,2.3481757090371874e-8,2.3481757090371874e-8],"objective_tol":1.0e-8,"termination_reason":["TERMINATION_REASON_OPTIMAL","TERMINATION_REASON_OPTIMAL","TERMINATION_REASON_TIME_LIMIT","TERMINATION_REASON_TIME_LIMIT"],"D2_condition_number":[1.0,1.0,1.0,1.0],"alpha":1.001,"initial_tol":0.001,"primal_objective":[0.0,0.0,5.1307681908179897e-17,5.1307681908179897e-17],"l_inf_primal_residual":[0.00013214800558003503,1.7763568394002505e-15,8.881784197001252e-16,8.881784197001252e-16],"relative_optimality_gap":[0.0009933697890581118,2.3723680145070848e-8,0.9618773793138797,0.9618773793138797],"D1_condition_number":[1.0,1.0,1.0,1.0],"last_iteration":3,"total_time":609.637913942337,"l_inf_dual_residual":[1.141992432743811e-8,3.010698060332796e-14,4.824326994216901e-5,4.824326994216901e-5],"blackbox_time":[10.795194864273071,20.745511054992676,572.3867938518524,4.697573900222778],"candidate_type":"POINT_TYPE_AVERAGE_ITERATE"}