{"relative_l_inf_primal_residual":[0.0007628913428707647,2.513760320520754e-14],"instance":"/nfs/sloanlab007/projects/pdopt_proj/instances/lp/miplib2017/neos-4647030-tutaki.mps.gz","time_sec_limit":600,"dual_objective":[26889.57610110498,26911.641615542012],"max_iter":1000.0,"relative_l_inf_dual_residual":[1.5988521958676577e-5,1.0489469883307096e-14],"objective_tol":1.0e-8,"termination_reason":["TERMINATION_REASON_OPTIMAL","TERMINATION_REASON_OPTIMAL"],"D2_condition_number":[1.0,1.0],"alpha":1.001,"initial_tol":0.001,"primal_objective":[26902.171803014015,26911.6416155532],"l_inf_primal_residual":[0.534786831352406,1.7621459846850485e-11],"relative_optimality_gap":[0.0002341524164462737,2.0783899311350646e-13],"D1_condition_number":[1.0,1.0],"last_iteration":1,"total_time":27.893211126327515,"l_inf_dual_residual":[3.1977043917353155e-5,2.0978939766614193e-14],"blackbox_time":[17.690541982650757,9.588984966278076],"candidate_type":"POINT_TYPE_AVERAGE_ITERATE"}