{"relative_l_inf_primal_residual":[0.0007628913428707647,1.2889356724121789e-12],"instance":"/nfs/sloanlab007/projects/pdopt_proj/instances/lp/miplib2017/neos-4647030-tutaki.mps.gz","time_sec_limit":600,"dual_objective":[26889.57610110498,26911.641615544206],"max_iter":1000.0,"relative_l_inf_dual_residual":[1.5988521958676577e-5,1.63726301803278e-14],"objective_tol":1.0e-8,"termination_reason":["TERMINATION_REASON_OPTIMAL","TERMINATION_REASON_OPTIMAL"],"D2_condition_number":[1.0,1.0],"alpha":1.01,"initial_tol":0.001,"primal_objective":[26902.171803014015,26911.641615553977],"l_inf_primal_residual":[0.534786831352406,9.035439063609374e-10],"relative_optimality_gap":[0.0002341524164462737,1.815465156106821e-13],"D1_condition_number":[1.0,1.0],"last_iteration":1,"total_time":28.494017839431763,"l_inf_dual_residual":[3.1977043917353155e-5,3.27452603606556e-14],"blackbox_time":[17.324813842773438,10.985366106033325],"candidate_type":"POINT_TYPE_AVERAGE_ITERATE"}