{"relative_l_inf_primal_residual":[1.2013455052730457e-5,9.689219124001365e-16,6.459479416000911e-16,6.459479416000911e-16],"instance":"/nfs/sloanlab007/projects/pdopt_proj/instances/lp/miplib2017/neos-5129192-manaia.mps.gz","time_sec_limit":600,"dual_objective":[-0.00099435755381159,-1.0208685611706251e-8,-166.9976949559236,-166.9976949559236],"max_iter":1000.0,"relative_l_inf_dual_residual":[5.558493223381898e-12,5.79554138275451e-17,1.5556713150106594e-7,1.5556713150106594e-7],"objective_tol":1.0e-8,"termination_reason":["TERMINATION_REASON_OPTIMAL","TERMINATION_REASON_OPTIMAL","TERMINATION_REASON_TIME_LIMIT","TERMINATION_REASON_TIME_LIMIT"],"D2_condition_number":[1.0,1.0,1.0,6.234827406016763],"alpha":1.01,"initial_tol":0.001,"primal_objective":[0.0,0.0,1.7705471445625344e-16,1.7705471445625344e-16],"l_inf_primal_residual":[0.00013214800558003503,1.0658141036401503e-14,7.105427357601002e-15,7.105427357601002e-15],"relative_optimality_gap":[0.0009933697890581118,1.020868550748899e-8,0.9940475373768529,0.9940475373768529],"D1_condition_number":[1.0,1.0,1.0,1.0],"last_iteration":3,"total_time":609.7509679794312,"l_inf_dual_residual":[1.141992432743811e-8,1.190693977086914e-13,0.00031961267166893996,0.00031961267166893996],"blackbox_time":[10.560768842697144,24.450953006744385,568.9303510189056,4.593873023986816],"candidate_type":"POINT_TYPE_AVERAGE_ITERATE"}