{"relative_l_inf_primal_residual":[0.0031872064460838592,3.555690383331515e-10],"instance":"/nfs/sloanlab007/projects/pdopt_proj/instances/lp/miplib2017/neos-5049753-cuanza.mps.gz","time_sec_limit":600,"dual_objective":[464.8208693154816,463.99999998687025],"max_iter":1000.0,"relative_l_inf_dual_residual":[0.004280804830255013,1.5057111025400857e-10],"objective_tol":1.0e-8,"termination_reason":["TERMINATION_REASON_OPTIMAL","TERMINATION_REASON_OPTIMAL"],"D2_condition_number":[1.0,1.0],"alpha":1.5,"initial_tol":0.001,"primal_objective":[464.6313710147033,463.9999999756998],"l_inf_primal_residual":[0.009561619338251578,1.0667071149994545e-9],"relative_optimality_gap":[0.00020366257671761744,1.2024188128142122e-11],"D1_condition_number":[1.0,1.0],"last_iteration":1,"total_time":10.260638952255249,"l_inf_dual_residual":[0.008561609660510026,3.0114222050801713e-10],"blackbox_time":[3.74554705619812,6.179836988449097],"candidate_type":"POINT_TYPE_AVERAGE_ITERATE"}