{"relative_l_inf_primal_residual":[7.171270301963854e-6,1.7079159556398046e-10,1.7079159556398046e-10],"instance":"/nfs/sloanlab007/projects/pdopt_proj/instances/lp/miplib2017/seqsolve1.mps.gz","time_sec_limit":600,"dual_objective":[4159.971030717342,4159.999525540947,4159.999525540947],"max_iter":1000.0,"relative_l_inf_dual_residual":[0.0025317372853427733,8.443101422406186e-10,8.443101422406186e-10],"objective_tol":1.0e-8,"termination_reason":["TERMINATION_REASON_OPTIMAL","TERMINATION_REASON_TIME_LIMIT","TERMINATION_REASON_TIME_LIMIT"],"D2_condition_number":[1.0,1.0,1.0],"alpha":1.001,"initial_tol":0.001,"primal_objective":[4159.917035804754,4160.000000000091,4160.000000000091],"l_inf_primal_residual":[0.0031768727437699873,7.566067683484334e-8,7.566067683484334e-8],"relative_optimality_gap":[6.489080511130675e-6,5.701948939989946e-8,5.701948939989946e-8],"D1_condition_number":[1.0,1.0,1.0],"last_iteration":2,"total_time":605.7352049350739,"l_inf_dual_residual":[0.005063474570685547,1.6886202844812372e-9,1.6886202844812372e-9],"blackbox_time":[7.189198970794678,595.3124499320984,2.738145112991333],"candidate_type":"POINT_TYPE_AVERAGE_ITERATE"}