{"relative_l_inf_primal_residual":[7.171270301963854e-6,1.4377004415169714e-11,1.4377004415169714e-11],"instance":"/nfs/sloanlab007/projects/pdopt_proj/instances/lp/miplib2017/seqsolve1.mps.gz","time_sec_limit":600,"dual_objective":[4159.971030717342,4159.999538972924,4159.999538972924],"max_iter":1000.0,"relative_l_inf_dual_residual":[0.0025317372853427733,9.402483987138204e-10,9.402483987138204e-10],"objective_tol":1.0e-8,"termination_reason":["TERMINATION_REASON_OPTIMAL","TERMINATION_REASON_TIME_LIMIT","TERMINATION_REASON_TIME_LIMIT"],"D2_condition_number":[1.0,1.0,1.0],"alpha":1.1,"initial_tol":0.001,"primal_objective":[4159.917035804754,4160.000000000003,4160.000000000003],"l_inf_primal_residual":[0.0031768727437699873,6.3690129559201836e-9,6.3690129559201836e-9],"relative_optimality_gap":[6.489080511130675e-6,5.5405252309874616e-8,5.5405252309874616e-8],"D1_condition_number":[1.0,1.0,1.0],"last_iteration":2,"total_time":605.8112800121307,"l_inf_dual_residual":[0.005063474570685547,1.880496797427641e-9,1.880496797427641e-9],"blackbox_time":[7.362473011016846,595.162929058075,2.789482831954956],"candidate_type":"POINT_TYPE_AVERAGE_ITERATE"}