{"relative_l_inf_primal_residual":[7.171270301963854e-6,1.1664848440384057e-10,1.1664848440384057e-10],"instance":"/nfs/sloanlab007/projects/pdopt_proj/instances/lp/miplib2017/seqsolve1.mps.gz","time_sec_limit":600,"dual_objective":[4159.971030717342,4159.999514760893,4159.999514760893],"max_iter":1000.0,"relative_l_inf_dual_residual":[0.0025317372853427733,5.739580102412857e-10,5.739580102412857e-10],"objective_tol":1.0e-8,"termination_reason":["TERMINATION_REASON_OPTIMAL","TERMINATION_REASON_TIME_LIMIT","TERMINATION_REASON_TIME_LIMIT"],"D2_condition_number":[1.0,1.0,1.0],"alpha":1.01,"initial_tol":0.001,"primal_objective":[4159.917035804754,4160.000000000034,4160.000000000034],"l_inf_primal_residual":[0.0031768727437699873,5.1675278590901375e-8,5.1675278590901375e-8],"relative_optimality_gap":[6.489080511130675e-6,5.8315006439840775e-8,5.8315006439840775e-8],"D1_condition_number":[1.0,1.0,1.0],"last_iteration":2,"total_time":605.7423160076141,"l_inf_dual_residual":[0.005063474570685547,1.1479160204825713e-9,1.1479160204825713e-9],"blackbox_time":[7.431696891784668,595.0669620037079,2.747159957885742],"candidate_type":"POINT_TYPE_AVERAGE_ITERATE"}