{"relative_l_inf_primal_residual":[0.015004916424369519,6.697040699776835e-10],"instance":"./MIPLIB/2club200v15p5scn.mps.gz","final iteration":1,"time_sec_limit":600,"dual_objective":[-121.86193452419597,-121.22222222469308],"max_iter":5,"relative_l_inf_dual_residual":[5.0667216189347567e-5,2.5500243836819574e-13],"objective_tol":1.0e-8,"max_time":600,"initial_tol":0.001,"primal_objective":[-121.61886030698875,-121.22222221938632],"l_inf_primal_residual":[0.030009832848739038,1.339408139955367e-9],"relative_optimality_gap":[0.000994246674365841,2.179864686752742e-11],"total_time":44.52300000190735,"l_inf_dual_residual":[0.00010133443237869513,5.100048767363915e-13],"blackbox_time":[12.810999870300293,31.65400004386902],"candidate_type":"POINT_TYPE_AVERAGE_ITERATE"}