{"relative_l_inf_primal_residual":[0.015004916424369519,2.0148320789559193e-9],"instance":"./MIPLIB/2club200v15p5scn.mps.gz","final iteration":1,"time_sec_limit":600,"dual_objective":[-121.86193452419597,-121.22222222542878],"max_iter":1000.0,"relative_l_inf_dual_residual":[5.0667216189347567e-5,5.121910145631462e-13],"objective_tol":1.0e-8,"termination_reason":["TERMINATION_REASON_OPTIMAL","TERMINATION_REASON_OPTIMAL"],"max_time":600,"D2_condition_number":[1.0,1.0],"initial_tol":0.001,"primal_objective":[-121.61886030698875,-121.22222222142298],"l_inf_primal_residual":[0.030009832848739038,4.029664157911839e-9],"relative_optimality_gap":[0.000994246674365841,1.6454671491013724e-11],"D1_condition_number":[1.0,1.0],"total_time":24.2739999294281,"l_inf_dual_residual":[0.00010133443237869513,1.0243820291262924e-12],"blackbox_time":[2.052000045776367,22.194000005722046],"candidate_type":"POINT_TYPE_AVERAGE_ITERATE"}