{
    "relative_l_inf_primal_residual": [
        0.001059244655594517,
        6.684191394823458e-11
    ],
    "instance": "./MIPLIB/30n20b8.mps.gz",
    "final iteration": 1,
    "time_sec_limit": 600,
    "dual_objective": [
        1.5622413967421949,
        1.5664076434942942
    ],
    "max_iter": 1000.0,
    "relative_l_inf_dual_residual": [
        6.985214650432729e-8,
        1.103180161200883e-14
    ],
    "objective_tol": 1.0e-8,
    "max_time": 600,
    "initial_tol": 0.001,
    "primal_objective": [
        1.5662481806785653,
        1.56640764579853
    ],
    "l_inf_primal_residual": [
        0.002118489311189034,
        1.3368382789646915e-10
    ],
    "relative_optimality_gap": [
        0.0009705205405589626,
        5.575463096926082e-10
    ],
    "total_time": 168.1840000152588,
    "l_inf_dual_residual": [
        7.055066796937056e-6,
        1.1142119628128918e-12
    ],
    "blackbox_time": [
        140.80499982833862,
        27.358999967575073
    ],
    "candidate_type": "POINT_TYPE_AVERAGE_ITERATE"
}