{"instance":"./MIPLIB/30n20b8.mps.gz","primal_dual_gap":[-47.09961848857619,-47.09952215510603,-47.09952215510603,-47.09952213113376,-47.09952213113376,-47.09952213113376,-47.09952213113376,-47.09952213113376,-47.09952213113376,-47.09952213113376,-47.09952213113376,-47.09952213113376,-47.09952213113376,-47.09952215101606,-47.09952215101606,-47.09952215101606,-47.09952215101606,-47.09952215101606,-47.09952215101606,-47.099522150488184,-47.099522150488184,-47.099522150488184,-47.099522150488184,-47.099522149553785,-47.099522149553785,-47.099522152341365,-47.099522152341365,-47.09952215205539,-47.0995221509163,-47.0995221509163,-47.09952214866514,-47.09952214496674,-47.099522150911426,-47.099522150911426,-47.099522150911426,-47.099522150911426,-47.099522150911426,-47.099522150286525,-47.099522150286525,-47.099522150286525,-47.099522150286525,-47.0995221508815,-47.0995221508815,-47.0995221508815,-47.0995221508815,-47.0995221508815,-47.0995221508815,-47.0995221508815,-47.099522150651566,-47.099522150651566,-47.099522150651566,-47.099522150651566,-47.099522150651566,-47.099522150651566,-47.099522150651566,-47.099522150651566,-47.099522150651566,-47.099522150651566,-47.099522150651566,-47.09952215059218,-47.0995221504872,-47.0995221504872,-47.0995221504872,-47.0995221504872,-47.0995221504872,-47.09952215065362,-47.09952215065362,-47.09952215065362,-47.09952215065362,-47.09952215065362,-47.09952215065362,-47.09952215065362,-47.09952215065362,-47.09952215075324,-47.09952215069744,-47.09952215069744,-47.09952215069744,-47.099522150726976,-47.099522150726976,-47.099522150726976,-47.099522150726976,-47.099522150726976,-47.099522150726976,-47.099522150726976,-47.099522150764464,-47.09952215077212,-47.0995221507589,-47.0995221507589,-47.0995221507589,-47.09952215076703,-47.099522150762304,-47.099522150762304,-47.099522150762304,-47.099522150762304,-47.09952215076856,-47.0995221507652,-47.09952215076824,-47.09952215076824,-47.09952215076824,-47.09952215076929,-47.09952215076622,-47.09952215076622,-47.0995221507665,-47.0995221507665,-47.09952215076335,-47.099522150765026,-47.09952215076837,-47.0995221507648,-47.09952215076859,-47.099522150768465,-47.09952215076709,-47.09952215076841,-47.09952215076848,-47.099522150768,-47.099522150766454,-47.09952215076701,-47.09952215076723,-47.099522150768344,-47.09952215673377,-47.09952215673377],"final iteration":119,"time_sec_limit":600,"bb_dual_objective":[1.5622413967402125,-1.1730976108122932e-8,-9.897055100778318e-9,-4.050772510694021e-9,-4.455929793854181e-9,-4.901522773239599e-9,-5.391675050563559e-9,-5.930842555619915e-9,-6.523926811181907e-9,-7.1763194923000984e-9,-7.893951441530109e-9,-8.683346585683122e-9,-9.551681244251432e-9,-6.136792419062846e-9,-6.749796148512153e-9,-7.424775763363369e-9,-8.167253339699706e-9,-8.983978673669677e-9,-9.882376541036645e-9,-7.049153593837886e-9,-7.754942296332169e-9,-8.530436525965387e-9,-9.383480178561927e-9,-8.863112842344635e-9,-9.747724353087253e-9,-8.843814322289091e-9,-9.730347967141096e-9,-9.757570783194849e-9,-8.539751148661122e-9,-9.397557321113913e-9,-9.205226293663763e-9,-9.77859996499729e-9,-6.202729101082617e-9,-6.830692502876005e-9,-7.513761753163606e-9,-8.265137928479967e-9,-9.091651721327963e-9,-7.274693224006978e-9,-8.002165202961172e-9,-8.802381723257289e-9,-9.68261989558302e-9,-5.282443519459507e-9,-5.794407725011045e-9,-6.3738484975121495e-9,-7.011233347263367e-9,-7.712356681989703e-9,-8.483592350188675e-9,-9.33195158520754e-9,-3.6639831652244223e-9,-4.0303722667288915e-9,-4.433409493401781e-9,-4.87675044274196e-9,-5.3644254870161554e-9,-5.900868035717772e-9,-6.490954839289549e-9,-7.140050323218504e-9,-7.854055355540354e-9,-8.63946089109439e-9,-9.50340698020383e-9,-9.237089660067786e-9,-6.737980062618602e-9,-7.411761439953304e-9,-8.152937583948633e-9,-8.968231342343499e-9,-9.86505447657785e-9,-5.06812650351632e-9,-5.574929837130701e-9,-6.132422820843771e-9,-6.745665102928149e-9,-7.420231613220964e-9,-8.16225477454306e-9,-8.978480251997368e-9,-9.876328277197106e-9,-9.122529877000469e-9,-8.16198076500549e-9,-8.978120253227646e-9,-9.875932278550411e-9,-5.3977420450259705e-9,-5.937502040732315e-9,-6.531252244805547e-9,-7.1843774692861035e-9,-7.902815216214716e-9,-8.693096737836187e-9,-9.562406411619807e-9,-9.162358877070012e-9,-8.226143402942184e-9,-7.69804754690239e-9,-8.468262689611822e-9,-9.315088958573005e-9,-9.51667133246127e-9,-7.506392472419089e-9,-8.25735986177789e-9,-9.08309584795568e-9,-9.99140543275125e-9,-6.61031483533634e-9,-8.370578719721085e-9,-5.128925970998542e-9,-8.546764138977205e-9,-9.401440552874927e-9,-7.903451474906248e-9,-8.609440312550116e-9,-9.471097550989715e-9,-7.647972060837975e-9,-9.054358252893306e-9,-9.688193267687992e-9,-8.872381254558917e-9,-3.289103388965542e-9,-7.562407087209654e-9,-9.975795267466567e-9,-7.398647633940676e-9,-9.130380773277064e-9,-7.232577037505534e-9,-7.362216548720507e-9,-9.569923876291466e-9,-9.142349680213433e-9,-9.871279053091594e-9,-7.040722700383749e-9,-9.502380062103652e-9,-0.00033715019622233426,-0.00037086180992278346],"max_iter":1000.0,"objective_tol":1.0e-8,"max_time":600,"bb_primal_objective":[1.5662481806785653,-2.733590885320289e-9,0.0,1.343630683509135e-21,0.0,0.0,0.0,0.0,0.0,0.0,0.0,0.0,0.0,-1.8086462456602647e-24,0.0,0.0,0.0,0.0,0.0,5.3056843287143896e-24,0.0,0.0,0.0,-2.3903287389100654e-24,0.0,6.4421961509857655e-24,0.0,2.0276377774622264e-25,5.404627760338189e-25,0.0,1.1215134490580775e-25,-1.1602957141026198e-24,-1.490337352403286e-24,0.0,0.0,0.0,0.0,1.2108744862347781e-24,0.0,0.0,0.0,-1.3728037968984313e-24,0.0,0.0,0.0,0.0,0.0,0.0,1.041870266617023e-24,0.0,0.0,0.0,0.0,0.0,0.0,0.0,0.0,0.0,0.0,7.089398217175425e-25,3.7993945138769205e-25,0.0,0.0,0.0,0.0,5.644081261213584e-25,0.0,0.0,0.0,0.0,0.0,0.0,0.0,1.1899841470721295e-24,1.7873942115457532e-24,0.0,0.0,9.969962070701122e-25,0.0,0.0,0.0,0.0,0.0,0.0,4.177285828256314e-25,1.1241263287831842e-24,3.5105899543011826e-25,0.0,0.0,-2.278923489741913e-24,1.1652544389381408e-23,0.0,0.0,0.0,-8.307780885259178e-25,-3.432731003362485e-24,-1.4268129299397764e-25,0.0,0.0,-2.101232345288744e-24,-1.603092261258249e-25,0.0,2.8638203900468748e-24,0.0,-3.761897716559908e-25,1.2592945377936783e-24,-1.026961729727546e-24,6.683524758993297e-26,-1.80460259729163e-24,-6.230715571877929e-26,-7.499580354795269e-26,-9.003555827152168e-25,3.3996212782123114e-25,-1.8853099670611457e-25,-5.1059562182647294e-24,-1.2091350071428193e-24,1.9076489754480223e-24,3.2912727014074354e-25,1.1011305609563808e-25,0.0],