{
    "relative_l_inf_primal_residual": [
        0.00046298043036673936,
        5.4295945902750975e-11
    ],
    "instance": "./MIPLIB/bab5.mps.gz",
    "final iteration": 1,
    "time_sec_limit": 600,
    "dual_objective": [
        -124805.81378743444,
        -124657.64141401734
    ],
    "max_iter": 1000.0,
    "relative_l_inf_dual_residual": [
        9.312581560696701e-5,
        5.922940970142974e-13
    ],
    "objective_tol": 1.0e-8,
    "max_time": 600,
    "initial_tol": 0.001,
    "primal_objective": [
        -124586.25575736209,
        -124657.64141431187
    ],
    "l_inf_primal_residual": [
        0.021343397839906686,
        2.50304310611682e-9
    ],
    "relative_optimality_gap": [
        0.0008803694123220804,
        1.181353904690409e-12
    ],
    "total_time": 40.41799998283386,
    "l_inf_dual_residual": [
        0.34667295495296363,
        2.204891774368334e-9
    ],
    "blackbox_time": [
        2.3610000610351562,
        38.04699993133545
    ],
    "candidate_type": "POINT_TYPE_AVERAGE_ITERATE"
}