{"instance":"./MIPLIB/bab5.mps.gz","primal_dual_gap":[-15430.587121151315,-15834.70614503893,-16888.4722842685],"final iteration":2,"time_sec_limit":600,"bb_dual_objective":[-124805.81378743442,-19.556997264364703,-7.062152190192409e-9],"max_iter":1000.0,"objective_tol":1.0e-8,"max_time":600,"bb_primal_objective":[-124586.25575736209,-19.556997081034673,2.1631256579369766e-14],"bb_relative_optimality_gap":[0.0008803694123220222,4.570226257930638e-9,7.062173771574691e-9],"initial_tol":0.001,"optimal_primal_cost":[-124586.25575736213,-124657.6414126118,-124657.641413225],"total_time":76.48799991607666,"blackbox_time":[3.316999912261963,37.83399987220764,35.337000131607056],"optimal_dual_cost":[-109155.66863621082,-108822.93526757287,-107769.1691289565],"max_delta_feas_opt":[39.32606085157927,8.672549256516504e-8,2.458563130858238e-9]}