{
    "relative_l_inf_primal_residual": [
        2.9250760675990447e-8
    ],
    "instance": "./MIPLIB/bab5.mps.gz",
    "final iteration": 0,
    "time_sec_limit": 600,
    "dual_objective": [
        -124657.64366851465
    ],
    "max_iter": 0,
    "relative_l_inf_dual_residual": [
        1.193296727114968e-9
    ],
    "objective_tol": 1.0e-8,
    "max_time": 600,
    "initial_tol": 1.0e-8,
    "primal_objective": [
        -124657.64355244242
    ],
    "l_inf_primal_residual": [
        1.3484600671631597e-6
    ],
    "relative_optimality_gap": [
        4.65562168502559e-10
    ],
    "total_time": 24.937999963760376,
    "l_inf_dual_residual": [
        4.442202195259993e-6
    ],
    "blackbox_time": [
        24.92199993133545
    ],
    "candidate_type": "POINT_TYPE_AVERAGE_ITERATE"
}