{
    "relative_l_inf_primal_residual": [
        0.00046298043036673936,
        1.3257478990246667e-10
    ],
    "instance": "./MIPLIB/bab5.mps.gz",
    "final iteration": 1,
    "time_sec_limit": 600,
    "dual_objective": [
        -124805.81378743444,
        -124657.6414137115
    ],
    "max_iter": 5,
    "relative_l_inf_dual_residual": [
        9.312581560696701e-5,
        6.410928288538866e-13
    ],
    "objective_tol": 1.0e-8,
    "max_time": 600,
    "initial_tol": 0.001,
    "primal_objective": [
        -124586.25575736209,
        -124657.64141261183
    ],
    "l_inf_primal_residual": [
        0.021343397839906686,
        6.111697814503714e-9
    ],
    "relative_optimality_gap": [
        0.0008803694123220804,
        4.410757570368961e-12
    ],
    "total_time": 86.21300005912781,
    "l_inf_dual_residual": [
        0.34667295495296363,
        2.386551397476344e-9
    ],
    "blackbox_time": [
        5.146000146865845,
        81.00999999046326
    ],
    "candidate_type": "POINT_TYPE_AVERAGE_ITERATE"
}