{"instance":"./MIPLIB/brazil3.mps.gz","primal_dual_gap":[-0.1694430784936529,-1.0605486777526006e7,-6.196733243447979e15,-6.196733243447979e15],"final iteration":3,"time_sec_limit":600,"bb_dual_objective":[-8.056296402259022e-5,2.4198552477246267,-3.78881886722032e8,-1576.7924783514127],"max_iter":1000.0,"objective_tol":1.0e-8,"max_time":600,"bb_primal_objective":[0.0,2.4198552253899708,4.198277374843345e-8,0.0],"bb_relative_optimality_gap":[8.055647415426115e-5,3.824616991773493e-9,0.999999997360655,0.9993662030883523],"initial_tol":0.001,"optimal_primal_cost":[0.0,1.9999999778905713,2.0000000273116325,2.0000000273116325],"total_time":600.4660000801086,"blackbox_time":[2.5340001583099365,15.529000043869019,582.0929999351501,0.2910001277923584],"optimal_dual_cost":[0.1694430784936529,1.0605488777525984e7,6.196733243447981e15,6.196733243447981e15],"max_delta_feas_opt":[0.02956382813652303,7.337818035910998e-8,4.139979995540847e8,4.139979995540847e8]}