{
    "relative_l_inf_primal_residual": [
        0.0872755925684802,
        0.05013516843862505,
        0.2147573687602459,
        0.020295193710268805,
        3.152536703714121e-6,
        3.152536703714121e-6
    ],
    "instance": "./MIPLIB/ci-s4.mps.gz",
    "final iteration": 5,
    "time_sec_limit": 600,
    "dual_objective": [
        7.803968997775685e6,
        1.7906175743397355e8,
        9.978897247889647e11,
        2.454196315137352e15,
        -3.708492946341215e17,
        -3.708492946341215e17
    ],
    "max_iter": 1000.0,
    "relative_l_inf_dual_residual": [
        0.01770931513971195,
        0.027144705262112743,
        156.2245698900283,
        3.0141519198257523e6,
        9.11887619696741e9,
        9.11887619696741e9
    ],
    "objective_tol": 1.0e-8,
    "max_time": 600,
    "initial_tol": 0.001,
    "primal_objective": [
        -132.03946095187482,
        210.9118466404334,
        64435.128487350645,
        42698.25718536725,
        29364.404502331035,
        29364.404502331035
    ],
    "l_inf_primal_residual": [
        129080.68868437479,
        74149.96425589488,
        317626.3631537724,
        30016.611792681273,
        4.662604937329888,
        4.662604937329888
    ],
    "relative_optimality_gap": [
        0.9999998718622597,
        0.9999976386739472,
        0.9999998708562223,
        0.9999999999652033,
        1.0,
        1.0
    ],
    "total_time": 601.0199999809265,
    "l_inf_dual_residual": [
        0.03455912084616259,
        0.052971960919211386,
        304.8668877015127,
        5.882014048773965e6,
        1.779517400791582e10,
        1.779517400791582e10
    ],
    "blackbox_time": [
        0.3470001220703125,
        0.7170000076293945,
        0.42799997329711914,
        0.9509999752044678,
        597.8599998950958,
        0.5559999942779541
    ],
    "candidate_type": "POINT_TYPE_AVERAGE_ITERATE"
}