{"relative_l_inf_primal_residual":[8.489099756961432e-8],"instance":"./MIPLIB/ci-s4.mps.gz","final iteration":0,"time_sec_limit":600,"dual_objective":[-87.65877883484146],"max_iter":0,"relative_l_inf_dual_residual":[3.577065982152268e-9],"objective_tol":1.0e-8,"max_time":600,"initial_tol":1.0e-8,"primal_objective":[15.999025880738657],"l_inf_primal_residual":[0.12555387029645715],"relative_optimality_gap":[0.9904450508710974],"total_time":718.1170001029968,"l_inf_dual_residual":[6.980521526475487e-9],"blackbox_time":[718.0269999504089],"candidate_type":"POINT_TYPE_AVERAGE_ITERATE"}