{
    "instance": "./MIPLIB/ci-s4.mps.gz",
    "primal_dual_gap": [
        -1.764310909984816e7,
        -121.54274328336183,
        -140.6936323614963,
        -140.6936323614963
    ],
    "final iteration": 3,
    "time_sec_limit": 600,
    "bb_dual_objective": [
        7.803968997775689e6,
        -0.0030083975412007616,
        -2.2605691474284642e-8,
        -1.2154349164273015e-10
    ],
    "max_iter": 1000.0,
    "objective_tol": 1.0e-8,
    "max_time": 600,
    "bb_primal_objective": [
        -132.03946095187482,
        -0.003008387823759602,
        -2.2512922691417053e-8,
        0.0
    ],
    "bb_relative_optimality_gap": [
        0.9999998718622597,
        9.659323085688565e-9,
        9.27687786819906e-11,
        1.2154349162795732e-10
    ],
    "initial_tol": 0.001,
    "optimal_primal_cost": [
        -132.03946095187484,
        110.83865565231523,
        4.938464845918848,
        4.938464845918848
    ],
    "total_time": 603.2229998111725,
    "blackbox_time": [
        27.46399998664856,
        15.891000032424927,
        559.4500000476837,
        0.3810000419616699
    ],
    "optimal_dual_cost": [
        1.7642977060387205e7,
        232.38139893567705,
        145.63209720741514,
        145.63209720741514
    ],
    "max_delta_feas_opt": [
        504724.7148476881,
        115.13015288056475,
        0.17331299654347068,
        0.17331299654347068
    ]
}