{"instance":"./MIPLIB/cmflsp50-24-8-8.mps.gz","primal_dual_gap":[-1.6916185169416144e6,-1.06017120651639e10,-4.122979237851338e15,-4.122979237851338e15],"final iteration":3,"time_sec_limit":600,"bb_dual_objective":[5.462975380432202e7,0.06617713758873756,-496333.3125150765,-55.24181708399254],"max_iter":1000.0,"objective_tol":1.0e-8,"max_time":600,"bb_primal_objective":[5.464940433953221e7,0.06617714683353984,3.3749350675157307e-6,0.0],"bb_relative_optimality_gap":[0.00017981960480062254,8.164231294033707e-9,0.999997985228958,0.9822196356403887],"initial_tol":0.001,"optimal_primal_cost":[5.464940433953223e7,5.463310850895782e7,5.4633108513191946e7,5.4633108513191946e7],"total_time":600.4589998722076,"blackbox_time":[3.493000030517578,29.551999807357788,567.143000125885,0.2609999179840088],"optimal_dual_cost":[5.634102285647384e7,1.0656345173672857e10,4.1229792924844465e15,4.1229792924844465e15],"max_delta_feas_opt":[202.72015832035686,2.423184923827648e-6,1.2809029406160612e7,1.2809029406160612e7]}