{"instance":"./MIPLIB/cmflsp50-24-8-8.mps.gz","primal_dual_gap":[-1.7245916359510347e6],"final iteration":0,"time_sec_limit":600,"bb_dual_objective":[5.463310835772784e7],"max_iter":0.0,"objective_tol":1.0e-8,"max_time":600,"bb_primal_objective":[5.463310880474417e7],"bb_relative_optimality_gap":[4.09107532127214e-9],"initial_tol":1.0e-8,"optimal_primal_cost":[5.463310880474416e7],"total_time":25.450999975204468,"blackbox_time":[25.450999975204468],"optimal_dual_cost":[5.63577004406952e7],"max_delta_feas_opt":[0.014185986045049503]}