{"relative_l_inf_primal_residual":[0.003946648586783232,6.554423567394762e-11],"instance":"./MIPLIB/cmflsp50-24-8-8.mps.gz","final iteration":1,"time_sec_limit":600,"dual_objective":[5.462975380432202e7,5.4633108509326935e7],"max_iter":5,"relative_l_inf_dual_residual":[3.311033569416489e-8,4.7316301345899014e-17],"objective_tol":1.0e-8,"max_time":600,"initial_tol":0.001,"primal_objective":[5.464940433953221e7,5.463310850895781e7],"l_inf_primal_residual":[6.800864844744865,1.1294582691334654e-7],"relative_optimality_gap":[0.00017981960480062254,3.3782089396708832e-12],"total_time":69.12899994850159,"l_inf_dual_residual":[0.36697609125381153,5.244269185578077e-10],"blackbox_time":[11.048999786376953,58.020999908447266],"candidate_type":"POINT_TYPE_AVERAGE_ITERATE"}