{
    "relative_l_inf_primal_residual": [
        2.9773844679316522e-8
    ],
    "instance": "./MIPLIB/cmflsp50-24-8-8.mps.gz",
    "final iteration": 0,
    "time_sec_limit": 600,
    "dual_objective": [
        5.463310835772781e7
    ],
    "max_iter": 0,
    "relative_l_inf_dual_residual": [
        1.5918857323818694e-12
    ],
    "objective_tol": 1.0e-8,
    "max_time": 600,
    "initial_tol": 1.0e-8,
    "primal_objective": [
        5.463310880474417e7
    ],
    "l_inf_primal_residual": [
        5.130628915139823e-5
    ],
    "relative_optimality_gap": [
        4.091075594021788e-9
    ],
    "total_time": 59.86200022697449,
    "l_inf_dual_residual": [
        1.7643554242041754e-5
    ],
    "blackbox_time": [
        59.813000202178955
    ],
    "candidate_type": "POINT_TYPE_AVERAGE_ITERATE"
}