{
    "relative_l_inf_primal_residual": [
        0.003946648586783232,
        3.85207846225315e-11
    ],
    "instance": "./MIPLIB/cmflsp50-24-8-8.mps.gz",
    "final iteration": 1,
    "time_sec_limit": 600,
    "dual_objective": [
        5.462975380432202e7,
        5.463310850932503e7
    ],
    "max_iter": 1000.0,
    "relative_l_inf_dual_residual": [
        3.311033569416489e-8,
        1.2281406924693322e-17
    ],
    "objective_tol": 1.0e-8,
    "max_time": 600,
    "initial_tol": 0.001,
    "primal_objective": [
        5.464940433953221e7,
        5.4633108509243526e7
    ],
    "l_inf_primal_residual": [
        6.800864844744865,
        6.637901606154628e-8
    ],
    "relative_optimality_gap": [
        0.00017981960480062254,
        7.459020969857257e-13
    ],
    "total_time": 46.70799994468689,
    "l_inf_dual_residual": [
        0.36697609125381153,
        1.361201151794944e-10
    ],
    "blackbox_time": [
        3.1630001068115234,
        43.48899984359741
    ],
    "candidate_type": "POINT_TYPE_AVERAGE_ITERATE"
}