{"relative_l_inf_primal_residual":[5.3346096309128e-12],"instance":"./MIPLIB/dws008-03.mps.gz","final iteration":0,"time_sec_limit":600,"dual_objective":[584.4999987922156],"max_iter":0,"relative_l_inf_dual_residual":[1.3322592147627027e-13],"objective_tol":1.0e-8,"max_time":600,"initial_tol":1.0e-8,"primal_objective":[584.4999999675046],"l_inf_primal_residual":[7.895222253750944e-10],"relative_optimality_gap":[1.0045204777409441e-9],"total_time":13.474000215530396,"l_inf_dual_residual":[3.7982710212884653e-10],"blackbox_time":[13.445000171661377],"candidate_type":"POINT_TYPE_AVERAGE_ITERATE"}