{"instance":"./MIPLIB/dws008-03.mps.gz","primal_dual_gap":[0.00881881429461373,2.546585164964199e-11],"final iteration":1,"time_sec_limit":600,"bb_dual_objective":[584.0320345804457,-6.538264453066112e-7],"max_iter":1000.0,"objective_tol":1.0e-8,"max_time":600,"bb_primal_objective":[584.5044674726608,-6.524536975567179e-7],"bb_relative_optimality_gap":[0.00040394882193567653,1.3727459567025487e-9],"initial_tol":0.001,"optimal_primal_cost":[584.5044674726607,584.5],"total_time":8.003000020980835,"blackbox_time":[4.32099986076355,3.6610000133514404],"optimal_dual_cost":[584.4956486583661,584.4999999999745],"max_delta_feas_opt":[0.08920836534392151,8.276401786133647e-11]}