{
    "relative_l_inf_primal_residual": [
        8.956869946061038e-7,
        1.9203857723245952e-16
    ],
    "instance": "./MIPLIB/dws008-03.mps.gz",
    "final iteration": 1,
    "time_sec_limit": 600,
    "dual_objective": [
        584.0320345804566,
        584.4999999956136
    ],
    "max_iter": 1000.0,
    "relative_l_inf_dual_residual": [
        2.9038696337974344e-7,
        4.446623448449474e-16
    ],
    "objective_tol": 1.0e-8,
    "max_time": 600,
    "initial_tol": 0.001,
    "primal_objective": [
        584.5044674726608,
        584.5
    ],
    "l_inf_primal_residual": [
        0.00013256167520170337,
        2.842170943040401e-14
    ],
    "relative_optimality_gap": [
        0.00040394882192634096,
        3.7490421024184244e-12
    ],
    "total_time": 5.543999910354614,
    "l_inf_dual_residual": [
        0.0008278932325956486,
        1.267732345152945e-12
    ],
    "blackbox_time": [
        0.8410000801086426,
        4.636999845504761
    ],
    "candidate_type": "POINT_TYPE_AVERAGE_ITERATE"
}