{"instance":"./MIPLIB/dws008-03.mps.gz","primal_dual_gap":[1.2898590284748934e-7],"final iteration":0,"time_sec_limit":600,"bb_dual_objective":[584.4999987922051],"max_iter":0.0,"objective_tol":1.0e-8,"max_time":600,"bb_primal_objective":[584.4999999675046],"bb_relative_optimality_gap":[1.0045294172188006e-9],"initial_tol":1.0e-8,"optimal_primal_cost":[584.4999999675046],"total_time":5.001000165939331,"blackbox_time":[4.991000175476074],"optimal_dual_cost":[584.4999998385186],"max_delta_feas_opt":[1.6145183109699256e-7]}