{
    "relative_l_inf_primal_residual": [
        3.013894256387317e-8
    ],
    "instance": "./MIPLIB/ex1010-pi.mps.gz",
    "final iteration": 0,
    "time_sec_limit": 600,
    "dual_objective": [
        220.67008317816646
    ],
    "max_iter": 0,
    "relative_l_inf_dual_residual": [
        4.084099949665206e-9
    ],
    "objective_tol": 1.0e-8,
    "max_time": 600,
    "initial_tol": 1.0e-8,
    "primal_objective": [
        220.67008703196484
    ],
    "l_inf_primal_residual": [
        6.027788512774634e-8
    ],
    "relative_optimality_gap": [
        8.712295728646425e-9
    ],
    "total_time": 106.73099994659424,
    "l_inf_dual_residual": [
        8.168199899330412e-9
    ],
    "blackbox_time": [
        106.71399998664856
    ],
    "candidate_type": "POINT_TYPE_AVERAGE_ITERATE"
}