{
    "relative_l_inf_primal_residual": [
        0.003122327543053416,
        8.196252565539908e-10
    ],
    "instance": "./MIPLIB/fiball.mps.gz",
    "final iteration": 1,
    "time_sec_limit": 600,
    "dual_objective": [
        137.0238175493861,
        137.0691675543785
    ],
    "max_iter": 1000.0,
    "relative_l_inf_dual_residual": [
        5.336600779948242e-6,
        4.83957318664352e-12
    ],
    "objective_tol": 1.0e-8,
    "max_time": 600,
    "initial_tol": 0.001,
    "primal_objective": [
        137.06738783030642,
        137.06916764313996
    ],
    "l_inf_primal_residual": [
        0.006244655086106832,
        1.6392505131079815e-9
    ],
    "relative_optimality_gap": [
        0.00015838485588868216,
        3.2260663798369583e-10
    ],
    "total_time": 9.918999910354614,
    "l_inf_dual_residual": [
        1.0673201559896484e-5,
        9.67914637328704e-12
    ],
    "blackbox_time": [
        1.7390000820159912,
        8.148000001907349
    ],
    "candidate_type": "POINT_TYPE_AVERAGE_ITERATE"
}