{
    "instance": "./MIPLIB/fiball.mps.gz",
    "primal_dual_gap": [
        -103.19190974948535,
        -3.5636766622708094e8
    ],
    "final iteration": 1,
    "time_sec_limit": 600,
    "bb_dual_objective": [
        137.02381754938597,
        -1.7377569069158456e-7
    ],
    "max_iter": 1000.0,
    "objective_tol": 1.0e-8,
    "max_time": 600,
    "bb_primal_objective": [
        137.06738783030642,
        -1.7196265516486878e-7
    ],
    "bb_relative_optimality_gap": [
        0.0001583848558891988,
        1.8130348998800898e-9
    ],
    "initial_tol": 0.001,
    "optimal_primal_cost": [
        137.06738783030642,
        137.0691676436073
    ],
    "total_time": 14.221999883651733,
    "blackbox_time": [
        1.5699999332427979,
        12.634000062942505
    ],
    "optimal_dual_cost": [
        240.25929757979176,
        3.5636780329624856e8
    ],
    "max_delta_feas_opt": [
        0.0077023665578557715,
        1.497381473972912e-9
    ]
}