{
    "relative_l_inf_primal_residual": [
        3.587686592254613e-8
    ],
    "instance": "./MIPLIB/fiball.mps.gz",
    "final iteration": 0,
    "time_sec_limit": 600,
    "dual_objective": [
        137.06916679669268
    ],
    "max_iter": 0,
    "relative_l_inf_dual_residual": [
        9.758638341850201e-11
    ],
    "objective_tol": 1.0e-8,
    "max_time": 600,
    "initial_tol": 1.0e-8,
    "primal_objective": [
        137.06916766488715
    ],
    "l_inf_primal_residual": [
        7.175373184509226e-8
    ],
    "relative_optimality_gap": [
        3.1554834545293997e-9
    ],
    "total_time": 9.506999969482422,
    "l_inf_dual_residual": [
        1.9517276683700402e-10
    ],
    "blackbox_time": [
        9.480000019073486
    ],
    "candidate_type": "POINT_TYPE_AVERAGE_ITERATE"
}