{
    "instance": "./MIPLIB/fiball.mps.gz",
    "primal_dual_gap": [
        -103.18345785156816
    ],
    "final iteration": 0,
    "time_sec_limit": 600,
    "bb_dual_objective": [
        137.06916679669325
    ],
    "max_iter": 0.0,
    "objective_tol": 1.0e-8,
    "max_time": 600,
    "bb_primal_objective": [
        137.06916766488715
    ],
    "bb_relative_optimality_gap": [
        3.1554813885352465e-9
    ],
    "initial_tol": 1.0e-8,
    "optimal_primal_cost": [
        137.06916766488715
    ],
    "total_time": 4.4079999923706055,
    "blackbox_time": [
        4.40500020980835
    ],
    "optimal_dual_cost": [
        240.2526255164553
    ],
    "max_delta_feas_opt": [
        1.3859730851128014e-7
    ]
}