{"instance":"./MIPLIB/ger50-17-trans-dfn-3t.mps.gz","primal_dual_gap":[4.4558633817359805e-5],"final iteration":0,"time_sec_limit":600,"bb_dual_objective":[3453.47520550808],"max_iter":0.0,"objective_tol":1.0e-8,"max_time":600,"bb_primal_objective":[3453.475250066673],"bb_relative_optimality_gap":[6.450334818033698e-9],"initial_tol":1.0e-8,"optimal_primal_cost":[3453.475250066673],"total_time":95.29200005531311,"blackbox_time":[95.23099994659424],"optimal_dual_cost":[3453.4752055080394],"max_delta_feas_opt":[0.00630015316099275]}