{"relative_l_inf_primal_residual":[1.0399015554925772e-5,2.5763331731263316e-13],"instance":"./MIPLIB/ger50-17-trans-dfn-3t.mps.gz","final iteration":1,"time_sec_limit":600,"dual_objective":[3453.2392765112363,3453.47524468676],"max_iter":1000.0,"relative_l_inf_dual_residual":[0.004786025627093918,1.32645603205166e-11],"objective_tol":1.0e-8,"max_time":600,"initial_tol":0.001,"primal_objective":[3448.709522668716,3453.475244737429],"l_inf_primal_residual":[12.307588475783518,3.0491779057228996e-7],"relative_optimality_gap":[0.0006562056266531112,7.334861390226191e-12],"total_time":159.02999997138977,"l_inf_dual_residual":[0.17583858153943055,4.873399461757799e-10],"blackbox_time":[14.994999885559082,143.88900017738342],"candidate_type":"POINT_TYPE_AVERAGE_ITERATE"}