{"instance":"./MIPLIB/ger50-17-trans-dfn-3t.mps.gz","primal_dual_gap":[-4.5297538425174935,-1.4204442777554505e-7,-1.4204442777554505e-7,-6.118758825330468e18,-6.118758825330468e18],"final iteration":4,"time_sec_limit":600,"bb_dual_objective":[3453.2392765112363,0.1436460098455291,-1.6106242777281164e-9,-9.197785523527735e17,-232.60318102698255],"max_iter":1000.0,"objective_tol":1.0e-8,"max_time":600,"bb_primal_objective":[3448.709522668716,0.14364599713166287,0.0,1.4826498548753648e-8,0.0],"bb_relative_optimality_gap":[0.0006562056266531112,9.876443082586823e-9,1.6106242751340058e-9,1.0,0.9957192363751053],"initial_tol":0.001,"optimal_primal_cost":[3448.709522668716,3453.4752447065953,3453.4752447065953,3453.4752448005197,3453.4752448005197],"total_time":600.5720000267029,"blackbox_time":[15.294000148773193,259.13300013542175,0.2779998779296875,325.4609999656677,0.3900001049041748],"optimal_dual_cost":[3453.2392765112336,3453.4752448486397,3453.4752448486397,6.118758825330471e18,6.118758825330471e18],"max_delta_feas_opt":[12.307588475783518,2.933339047217487e-7,2.933339047217487e-7,6.142058044292976e18,6.142058044292976e18]}