{"relative_l_inf_primal_residual":[5.323170404054932e-9],"instance":"./MIPLIB/ger50-17-trans-dfn-3t.mps.gz","final iteration":0,"time_sec_limit":600,"dual_objective":[3453.47520550808],"max_iter":0,"relative_l_inf_dual_residual":[5.62605081665588e-7],"objective_tol":1.0e-8,"max_time":600,"initial_tol":1.0e-8,"primal_objective":[3453.475250066673],"l_inf_primal_residual":[0.00630015316099275],"relative_optimality_gap":[6.450334818033698e-9],"total_time":160.05400013923645,"l_inf_dual_residual":[2.0670110700393707e-5],"blackbox_time":[160.02500009536743],"candidate_type":"POINT_TYPE_AVERAGE_ITERATE"}