{"relative_l_inf_primal_residual":[0.0001223132011237323,3.7007434154171886e-16],"instance":"./MIPLIB/graph20-80-1rand.mps.gz","final iteration":1,"time_sec_limit":600,"dual_objective":[-117.04795405522316,-117.00000000535054],"max_iter":1000.0,"relative_l_inf_dual_residual":[1.5612831758566305e-6,1.8662668837689353e-13],"objective_tol":1.0e-8,"max_time":600,"initial_tol":0.001,"primal_objective":[-117.0,-117.0],"l_inf_primal_residual":[0.0003669396033711969,1.1102230246251565e-15],"relative_optimality_gap":[0.00020401817754981094,2.2768268593845102e-11],"total_time":4.978999853134155,"l_inf_dual_residual":[3.122566351713261e-6,3.7325337675378706e-13],"blackbox_time":[1.4500000476837158,3.428999900817871],"candidate_type":"POINT_TYPE_AVERAGE_ITERATE"}