{"instance":"./MIPLIB/leo1.mps.gz","primal_dual_gap":[-6.583777799842466e6,-1056.3213713169098,4800.739626288414,4800.739626288414],"final iteration":3,"time_sec_limit":600,"bb_dual_objective":[2.8051284919073274e6,0.00359429649615843,-4.248821970234296e-7,-5.143954038416495e-7],"max_iter":1000.0,"objective_tol":1.0e-8,"max_time":600,"bb_primal_objective":[-3.3968206975716427e6,0.0035943065032550472,2.5548768901148113e-10,0.0],"bb_relative_optimality_gap":[0.9999998387603948,9.935673008282826e-9,4.2513750397046704e-7,5.143951392391541e-7],"initial_tol":0.001,"optimal_primal_cost":[-3.3968206975716427e6,3.8857200281536746e8,3.8857330062751424e8,3.8857330062751424e8],"total_time":600.3420000076294,"blackbox_time":[0.38299989700317383,345.8890001773834,253.83899998664856,0.22099995613098145],"optimal_dual_cost":[3.1869571022708234e6,3.885730591367388e8,3.8856849988788795e8,3.8856849988788795e8],"max_delta_feas_opt":[4.306180878156622e6,504.1672196945942,11435.988983293544,11435.988983293544]}