{"relative_l_inf_primal_residual":[105028.80190625908,1.8864642919563664e-5,7.314289488443514e-9],"instance":"./MIPLIB/leo1.mps.gz","final iteration":2,"time_sec_limit":600,"dual_objective":[2.8051284919073293e6,3.885733143638929e8,3.8857331550960755e8],"max_iter":1000.0,"relative_l_inf_dual_residual":[0.4922098897529954,0.0029912419192896778,1.0308838182507447e-10],"objective_tol":1.0e-8,"max_time":600,"initial_tol":0.001,"primal_objective":[-3.3968206975716427e6,3.8857331560713273e8,3.885733155096079e8],"l_inf_primal_residual":[4.306180878156622e6,0.0007734503597021103,2.998858690261841e-7],"relative_optimality_gap":[0.9999998387603948,1.5997493528989655e-9,4.601806839503889e-16],"total_time":600.2630000114441,"l_inf_dual_residual":[0.9844197795059908,0.0059824838385793555,2.0617676365014895e-10],"blackbox_time":[0.2200000286102295,38.09400010108948,561.9189999103546],"candidate_type":"POINT_TYPE_AVERAGE_ITERATE"}