{"instance":"./MIPLIB/leo1.mps.gz","primal_dual_gap":[-6.583777799842466e6],"final iteration":0,"time_sec_limit":600,"bb_dual_objective":[2.8051284919073274e6],"max_iter":0.0,"objective_tol":1.0e-8,"max_time":600,"bb_primal_objective":[-3.3968206975716427e6],"bb_relative_optimality_gap":[0.9999998387603948],"initial_tol":1.0e-8,"optimal_primal_cost":[-3.3968206975716427e6],"total_time":23.62000012397766,"blackbox_time":[23.557000160217285],"optimal_dual_cost":[3.1869571022708234e6],"max_delta_feas_opt":[4.306180878156622e6]}