{"instance":"./MIPLIB/lr1dr04vc05v17a-t360.mps.gz","primal_dual_gap":[-71178.40316627253,-71763.0147727108,-71763.0147727108],"final iteration":2,"time_sec_limit":600,"bb_dual_objective":[246557.66458975917,-0.003234366441319565,-3.884243384095289e-13],"max_iter":1000.0,"objective_tol":1.0e-8,"max_time":600,"bb_primal_objective":[247036.42233518398,-0.003225447656616917,0.0],"bb_relative_optimality_gap":[0.0009699402569167186,8.861540796481483e-6,3.8842433840937806e-13],"initial_tol":0.001,"optimal_primal_cost":[247036.42233518398,247088.111861185,247088.111861185],"total_time":601.1959998607635,"blackbox_time":[88.89699983596802,511.4720001220703,0.8220000267028809],"optimal_dual_cost":[318214.8255014565,318851.1266338958,318851.1266338958],"max_delta_feas_opt":[19172.672053375238,6.641781208156689e9,6.641781208156689e9]}