{"instance":"./MIPLIB/lr1dr04vc05v17a-t360.mps.gz","primal_dual_gap":[-71755.11334105418],"final iteration":0,"time_sec_limit":600,"bb_dual_objective":[247111.40419156276],"max_iter":0.0,"objective_tol":1.0e-8,"max_time":600,"bb_primal_objective":[247092.987589408],"bb_relative_optimality_gap":[3.7265077356580664e-5],"initial_tol":1.0e-8,"optimal_primal_cost":[247092.98758940806],"total_time":600.7449998855591,"blackbox_time":[600.7449998855591],"optimal_dual_cost":[318848.10093046224],"max_delta_feas_opt":[19172.67205337471]}