{"instance":"./MIPLIB/mzzv11.mps.gz","primal_dual_gap":[-17232.65031492],"final iteration":0,"time_sec_limit":600,"bb_dual_objective":[-22945.35471341235],"max_iter":0.0,"objective_tol":1.0e-8,"max_time":600,"bb_primal_objective":[-22945.207687672755],"bb_relative_optimality_gap":[3.2037640887199466e-6],"initial_tol":1.0e-8,"optimal_primal_cost":[-22945.207687672755],"total_time":623.7929999828339,"blackbox_time":[623.7130000591278],"optimal_dual_cost":[-5712.557372752755],"max_delta_feas_opt":[0.09495882501317965]}