{"instance":"./MIPLIB/mzzv11.mps.gz","primal_dual_gap":[-20035.219280545643,-17735.531013017688,-17735.531013017688],"final iteration":2,"time_sec_limit":600,"bb_dual_objective":[-25653.963338283083,29.845184803009033,-0.28152022909673446],"max_iter":1000.0,"objective_tol":1.0e-8,"max_time":600,"bb_primal_objective":[-25641.956227228064,26.477760369667415,0.0],"bb_relative_optimality_gap":[0.0002340708010679965,0.05874479099421316,0.21967677349514875],"initial_tol":0.001,"optimal_primal_cost":[-25641.956227228067,-23441.00728226974,-23441.00728226974],"total_time":600.5540001392365,"blackbox_time":[4.538000106811523,595.7269999980927,0.27900004386901855],"optimal_dual_cost":[-5606.736946682426,-5705.476269252053,-5705.476269252053],"max_delta_feas_opt":[63.425877947814854,8.448741184033725,8.448741184033725]}