{"relative_l_inf_primal_residual":[0.0066445623300334655,4.871112450732795e-6,4.871112450732795e-6],"instance":"./MIPLIB/mzzv11.mps.gz","final iteration":2,"time_sec_limit":600,"dual_objective":[-25653.96333828308,-22954.162748022907,-22954.162748022907],"max_iter":1000.0,"relative_l_inf_dual_residual":[0.00015940657020570078,1.2939423820616104e-6,1.2939423820616104e-6],"objective_tol":1.0e-8,"max_time":600,"initial_tol":0.001,"primal_objective":[-25641.956227228064,-22944.625290922715,-22944.625290922715],"l_inf_primal_residual":[0.013289124660066931,9.74222490146559e-6,9.74222490146559e-6],"relative_optimality_gap":[0.0002340708010679256,0.0002077886959325314,0.0002077886959325314],"total_time":600.8789999485016,"l_inf_dual_residual":[0.31897254698160726,0.0025891787065052824,0.0025891787065052824],"blackbox_time":[3.1600000858306885,597.3489999771118,0.3210000991821289],"candidate_type":"POINT_TYPE_AVERAGE_ITERATE"}