{"relative_l_inf_primal_residual":[9.130966467685261e-5,9.488200769985518e-16],"instance":"./MIPLIB/neos-1171448.mps.gz","final iteration":1,"time_sec_limit":600,"dual_objective":[-309.6519832982882,-309.0000000019338],"max_iter":1000.0,"relative_l_inf_dual_residual":[0.00012008064319668499,3.573641382814685e-11],"objective_tol":1.0e-8,"max_time":600,"initial_tol":0.001,"primal_objective":[-309.1567733494571,-309.0000000000001],"l_inf_primal_residual":[0.10966290727689998,1.1395329124752607e-12],"relative_optimality_gap":[0.0007989721724962926,3.12390859903219e-12],"total_time":3.066999912261963,"l_inf_dual_residual":[0.00024016128639336998,7.14728276562937e-11],"blackbox_time":[1.3550000190734863,1.687000036239624],"candidate_type":"POINT_TYPE_AVERAGE_ITERATE"}