{"instance":"./MIPLIB/neos-3372571-onahau.mps.gz","primal_dual_gap":[-0.011253089755156709,-0.013426211451201542],"final iteration":1,"time_sec_limit":600,"bb_dual_objective":[0.35472541172117733,6.621729341338185e-6],"max_iter":1000.0,"objective_tol":1.0e-8,"max_time":600,"bb_primal_objective":[0.35485934357444626,6.622797999774108e-6],"bb_relative_optimality_gap":[7.834174518347986e-5,1.0686442822348668e-9],"initial_tol":0.001,"optimal_primal_cost":[0.35485934357444615,0.3548972623848889],"total_time":145.26699995994568,"blackbox_time":[36.799999952316284,108.40400004386902],"optimal_dual_cost":[0.36611243332960286,0.36832347383609043],"max_delta_feas_opt":[0.08249043287236191,3.763732436823375e-9]}