{"relative_l_inf_primal_residual":[0.013748405478726985,5.946552879739405e-10],"instance":"./MIPLIB/neos-3372571-onahau.mps.gz","final iteration":1,"time_sec_limit":600,"dual_objective":[0.35472541172117744,0.35489726207276756],"max_iter":1000.0,"relative_l_inf_dual_residual":[5.206617329165365e-7,2.1410144433241283e-12],"objective_tol":1.0e-8,"max_time":600,"initial_tol":0.001,"primal_objective":[0.35485934357444626,0.35489726239939196],"l_inf_primal_residual":[0.08249043287236191,3.567931727843643e-9],"relative_optimality_gap":[7.834174518341492e-5,1.9103137220467103e-10],"total_time":92.23399996757507,"l_inf_dual_residual":[5.248270267798688e-7,2.1581425588707214e-12],"blackbox_time":[3.495999813079834,88.70800018310547],"candidate_type":"POINT_TYPE_AVERAGE_ITERATE"}