{"relative_l_inf_primal_residual":[2.627679793588973e-6,3.113533997903555e-14],"instance":"./MIPLIB/neos-1354092.mps.gz","final iteration":1,"time_sec_limit":600,"dual_objective":[13.26374221518251,13.285714275788909],"max_iter":1000.0,"relative_l_inf_dual_residual":[7.427556622089378e-6,1.6099322465926163e-12],"objective_tol":1.0e-8,"max_time":600,"initial_tol":0.001,"primal_objective":[13.282504675294422,13.285714285710075],"l_inf_primal_residual":[0.0005229082789242057,6.195932655828074e-12],"relative_optimality_gap":[0.000681125824019179,3.598350404202538e-10],"total_time":19.736999988555908,"l_inf_dual_residual":[1.4855113244178757e-5,3.2198644931852327e-12],"blackbox_time":[3.0970001220703125,16.322999954223633],"candidate_type":"POINT_TYPE_AVERAGE_ITERATE"}