{"relative_l_inf_primal_residual":[0.00020398185786483545,1.1844843424409487e-11],"instance":"./MIPLIB/neos-827175.mps.gz","final iteration":1,"time_sec_limit":600,"dual_objective":[112.22449556038059,112.0015200001939],"max_iter":1000.0,"relative_l_inf_dual_residual":[6.138916061037224e-6,7.141405929068576e-15],"objective_tol":1.0e-8,"max_time":600,"initial_tol":0.001,"primal_objective":[112.04541998772916,112.00151999792479],"l_inf_primal_residual":[0.022641986222996735,1.314777620109453e-9],"relative_optimality_gap":[0.0007949378070112672,1.0084833638998177e-11],"total_time":68.3069999217987,"l_inf_dual_residual":[1.2277832122074448e-5,1.428281185813715e-14],"blackbox_time":[16.234999895095825,52.03800010681152],"candidate_type":"POINT_TYPE_AVERAGE_ITERATE"}