{"instance":"./MIPLIB/neos-1354092.mps.gz","primal_dual_gap":[-0.22518784780363532,-5.3465036842226255e-8],"final iteration":1,"time_sec_limit":600,"bb_dual_objective":[13.263742215182559,5.079192087622297e-6],"max_iter":1000.0,"objective_tol":1.0e-8,"max_time":600,"bb_primal_objective":[13.282504675294422,5.086475278865912e-6],"bb_relative_optimality_gap":[0.0006811258240174367,7.283117205868694e-9],"initial_tol":0.001,"optimal_primal_cost":[13.282504675294422,13.285714285712778],"total_time":21.69600009918213,"blackbox_time":[3.450000047683716,18.236000061035156],"optimal_dual_cost":[13.507692523098058,13.285714339177815],"max_delta_feas_opt":[0.01796711512555669,4.365857727242039e-9]}