{"instance":"./MIPLIB/neos-1171448.mps.gz","primal_dual_gap":[0.4952099488311319,-1.9086314750893507e-9],"final iteration":1,"time_sec_limit":600,"bb_dual_objective":[-309.6519832982882,0.0980868830967568],"max_iter":1000.0,"objective_tol":1.0e-8,"max_time":600,"bb_primal_objective":[-309.1567733494571,0.09808688765396632],"bb_relative_optimality_gap":[0.0007989721724962926,3.809822316662439e-9],"initial_tol":0.001,"optimal_primal_cost":[-309.1567733494571,-308.99999999999034],"total_time":8.309000015258789,"blackbox_time":[6.687000036239624,1.6100001335144043],"optimal_dual_cost":[-309.65198329828826,-308.9999999980817],"max_delta_feas_opt":[0.5674277529203949,1.9044167066521696e-9]}