{"instance":"./MIPLIB/neos-1171448.mps.gz","primal_dual_gap":[-3.7869647826482833e-6],"final iteration":0,"time_sec_limit":600,"bb_dual_objective":[-309.0000016435303],"max_iter":0.0,"objective_tol":1.0e-8,"max_time":600,"bb_primal_objective":[-309.00000195633396],"bb_relative_optimality_gap":[5.053370724232561e-10],"initial_tol":1.0e-8,"optimal_primal_cost":[-309.0000019563339],"total_time":4.517999887466431,"blackbox_time":[4.517999887466431],"optimal_dual_cost":[-308.9999981693691],"max_delta_feas_opt":[1.8293522097896403e-6]}