{"relative_l_inf_primal_residual":[5.556462053095275e-8,2.099330810200296e-15],"instance":"./MIPLIB/neos-4359986-taipa.mps.gz","final iteration":1,"time_sec_limit":600,"dual_objective":[0.29541614868803195,0.29659273538072534],"max_iter":1000.0,"relative_l_inf_dual_residual":[5.36256901812264e-9,5.057219099174261e-13],"objective_tol":1.0e-8,"max_time":600,"initial_tol":0.001,"primal_objective":[0.2965937569469604,0.2965927395272362],"l_inf_primal_residual":[1.2224216516809605e-6,4.618527782440651e-14],"relative_optimality_gap":[0.0007396990777257304,2.6026541932504978e-9],"total_time":8.851999998092651,"l_inf_dual_residual":[1.072513803624528e-8,1.0114438198348522e-12],"blackbox_time":[3.062000036239624,5.726999998092651],"candidate_type":"POINT_TYPE_AVERAGE_ITERATE"}