{"instance":"./MIPLIB/neos-1354092.mps.gz","primal_dual_gap":[3.1846349060060675e-6],"final iteration":0,"time_sec_limit":600,"bb_dual_objective":[13.285713499571967],"max_iter":0.0,"objective_tol":1.0e-8,"max_time":600,"bb_primal_objective":[13.285713665122058],"bb_relative_optimality_gap":[6.004407750832079e-9],"initial_tol":1.0e-8,"optimal_primal_cost":[13.28571366512206],"total_time":8.373999834060669,"blackbox_time":[8.363999843597412],"optimal_dual_cost":[13.285710480487154],"max_delta_feas_opt":[3.4128551608575594e-7]}