{"instance":"./MIPLIB/neos-3372571-onahau.mps.gz","primal_dual_gap":[-0.011352313183879803],"final iteration":0,"time_sec_limit":600,"bb_dual_objective":[0.35489724578002096],"max_iter":0.0,"objective_tol":1.0e-8,"max_time":600,"bb_primal_objective":[0.35489726286729584],"bb_relative_optimality_gap":[9.993759359033329e-9],"initial_tol":1.0e-8,"optimal_primal_cost":[0.3548972628672959],"total_time":114.8109998703003,"blackbox_time":[114.79499983787537],"optimal_dual_cost":[0.3662495760511757],"max_delta_feas_opt":[2.416807571847812e-7]}