{"relative_l_inf_primal_residual":[1.6976603084789173e-9,2.2714652891431774e-16],"instance":"./MIPLIB/ns1856153.mps.gz","final iteration":1,"time_sec_limit":600,"dual_objective":[-1.562198974625062e-7,-1.862645149230957e-9],"max_iter":1000.0,"relative_l_inf_dual_residual":[5.93129191027965e-10,6.446545661455161e-14],"objective_tol":1.0e-8,"max_time":600,"initial_tol":0.001,"primal_objective":[0.0,0.0],"l_inf_primal_residual":[1.699357968787396e-6,2.2737367544323206e-13],"relative_optimality_gap":[1.5621987305785364e-7,1.86264514576151e-9],"total_time":3.011000156402588,"l_inf_dual_residual":[1.18625838205593e-9,1.2893091322910322e-13],"blackbox_time":[1.5099999904632568,1.434999942779541],"candidate_type":"POINT_TYPE_AVERAGE_ITERATE"}