{"relative_l_inf_primal_residual":[6.683593710476998e-6,1.8189894035458565e-12,1.8189894035458565e-12],"instance":"./MIPLIB/ns930473.mps.gz","final iteration":2,"time_sec_limit":600,"dual_objective":[-0.0005013067129766569,-7.8848720896e10,-7.8848720896e10],"max_iter":1000.0,"relative_l_inf_dual_residual":[1.5095816472200827e-9,30338.955293188523,30338.955293188523],"objective_tol":1.0e-8,"max_time":600,"initial_tol":0.001,"primal_objective":[0.0,1.5043389100534891e-12,1.5043389100534891e-12],"l_inf_primal_residual":[1.3367187420953996e-5,3.637978807091713e-12,3.637978807091713e-12],"relative_optimality_gap":[0.0005010555304756553,0.9999999999873175,0.9999999999873175],"total_time":601.7249999046326,"l_inf_dual_residual":[3.0191632944401654e-9,60677.910586377046,60677.910586377046],"blackbox_time":[1.0079998970031738,599.7660000324249,0.8970000743865967],"candidate_type":"POINT_TYPE_AVERAGE_ITERATE"}