{"relative_l_inf_primal_residual":[0.00053845641779003,1.4681496364837954e-11],"instance":"./MIPLIB/opm2-z8-s0.mps.gz","final iteration":1,"time_sec_limit":600,"dual_objective":[-40422.22010785971,-19394.503124729312],"max_iter":1000.0,"relative_l_inf_dual_residual":[3.352650224043953e-6,2.914335439641036e-16],"objective_tol":1.0e-8,"max_time":600,"initial_tol":0.001,"primal_objective":[-40412.08703748332,-19394.503124519782],"l_inf_primal_residual":[591.0792250442319,1.6116304323077202e-5],"relative_optimality_gap":[0.00012535451072359579,5.401633298228801e-12],"total_time":45.19600009918213,"l_inf_dual_residual":[0.001287417686032878,1.1191048088221578e-13],"blackbox_time":[1.625999927520752,43.29200005531311],"candidate_type":"POINT_TYPE_AVERAGE_ITERATE"}