{"relative_l_inf_primal_residual":[0.006842652166236016,2.5497885112407097e-5,2.5497885112407097e-5],"instance":"./MIPLIB/pb-grow22.mps.gz","final iteration":2,"time_sec_limit":600,"dual_objective":[-449117.78963799373,-449681.2164812041,-449681.2164812041],"max_iter":1000.0,"relative_l_inf_dual_residual":[1.514384459470694e-7,5.90269851862884e-17,5.90269851862884e-17],"objective_tol":1.0e-8,"max_time":600,"initial_tol":0.001,"primal_objective":[-448472.0298998372,-449681.2516996473,-449681.2516996473],"l_inf_primal_residual":[1757.0699085504166,6.54739793493412,6.54739793493412],"relative_optimality_gap":[0.0007194366565480417,3.9159299264067795e-8,3.9159299264067795e-8],"total_time":600.8700001239777,"l_inf_dual_residual":[0.001272082945955383,4.958266755648226e-13,4.958266755648226e-13],"blackbox_time":[1.0799999237060547,599.3789999485016,0.36500000953674316],"candidate_type":"POINT_TYPE_AVERAGE_ITERATE"}