{"relative_l_inf_primal_residual":[2.4658548427949556e-12],"instance":"./MIPLIB/piperout-d20.mps.gz","final iteration":0,"time_sec_limit":600,"dual_objective":[25533.842092597406],"max_iter":0,"relative_l_inf_dual_residual":[1.49672020726832e-11],"objective_tol":1.0e-8,"max_time":600,"initial_tol":1.0e-8,"primal_objective":[25533.8419832786],"l_inf_primal_residual":[2.367960405535996e-8],"relative_optimality_gap":[2.1406231528305928e-9],"total_time":464.6710000038147,"l_inf_dual_residual":[2.99344041453664e-11],"blackbox_time":[464.66100001335144],"candidate_type":"POINT_TYPE_AVERAGE_ITERATE"}