{"relative_l_inf_primal_residual":[2.693714335412741e-7,5.114309475761546e-15,5.114309475761546e-15],"instance":"./MIPLIB/piperout-d20.mps.gz","final iteration":2,"time_sec_limit":600,"dual_objective":[25445.835316460776,-8.380504522752e14,-8.380504522752e14],"max_iter":1000.0,"relative_l_inf_dual_residual":[0.0005768155759575764,1.445772033180828e11,1.445772033180828e11],"objective_tol":1.0e-8,"max_time":600,"initial_tol":0.001,"primal_objective":[25473.746166205834,25673.419858846744,25673.419858846744],"l_inf_primal_residual":[0.002586773876296855,4.9112713895738125e-11,4.9112713895738125e-11],"relative_optimality_gap":[0.0005481251182207885,0.9999999999999988,0.9999999999999988],"total_time":600.7839999198914,"l_inf_dual_residual":[0.0011536311519151528,2.891544066361656e11,2.891544066361656e11],"blackbox_time":[47.79699993133545,552.4879999160767,0.41300010681152344],"candidate_type":"POINT_TYPE_AVERAGE_ITERATE"}