{"relative_l_inf_primal_residual":[2.693714335412741e-7,2.462445303144448e-15],"instance":"./MIPLIB/piperout-d20.mps.gz","final iteration":1,"time_sec_limit":600,"dual_objective":[25445.835316460776,-4.285300227964928e15],"max_iter":5,"relative_l_inf_dual_residual":[0.0005768155759575764,6.327100346668665e11],"objective_tol":1.0e-8,"max_time":600,"initial_tol":0.001,"primal_objective":[25473.746166205834,25674.000866309067],"l_inf_primal_residual":[0.002586773876296855,2.3646862246096134e-11],"relative_optimality_gap":[0.0005481251182207885,0.9999999999999998],"total_time":600.3480000495911,"l_inf_dual_residual":[0.0011536311519151528,1.265420069333733e12],"blackbox_time":[52.180999994277954,548.1380000114441],"candidate_type":"POINT_TYPE_AVERAGE_ITERATE"}