{"relative_l_inf_primal_residual":[2.1608623721520806e-5,2.1232951406410197e-12],"instance":"./MIPLIB/rmatr200-p10.mps.gz","final iteration":1,"time_sec_limit":600,"dual_objective":[1548.4773274021359,1550.6207829758969],"max_iter":1000.0,"relative_l_inf_dual_residual":[2.3773389567688433e-6,1.0375480543451576e-14],"objective_tol":1.0e-8,"max_time":600,"initial_tol":0.001,"primal_objective":[1551.5221117714393,1550.6207830632306],"l_inf_primal_residual":[0.004127247130810474,4.055493718624348e-10],"relative_optimality_gap":[0.0009818719509716797,2.8151828969882687e-11],"total_time":72.74100017547607,"l_inf_dual_residual":[0.005765046970164445,2.5160540317870073e-11],"blackbox_time":[2.5470001697540283,70.09099984169006],"candidate_type":"POINT_TYPE_AVERAGE_ITERATE"}