{
    "relative_l_inf_primal_residual": [
        0.0015554887341196625,
        1.0029908696764106e-12
    ],
    "instance": "./MIPLIB/supportcase40.mps.gz",
    "final iteration": 1,
    "time_sec_limit": 600,
    "dual_objective": [
        22533.994195658048,
        22536.483378722245
    ],
    "max_iter": 5,
    "relative_l_inf_dual_residual": [
        0.00030151361722373767,
        1.6405456336170955e-12
    ],
    "objective_tol": 1.0e-8,
    "max_time": 600,
    "initial_tol": 0.001,
    "primal_objective": [
        22514.813133550764,
        22536.48337875255
    ],
    "l_inf_primal_residual": [
        0.15710436214608592,
        1.0130207783731748e-10
    ],
    "relative_optimality_gap": [
        0.0004257745647415296,
        6.723251944105514e-13
    ],
    "total_time": 98.4190001487732,
    "l_inf_dual_residual": [
        0.13234675248836977,
        7.201030882697523e-10
    ],
    "blackbox_time": [
        88.35800004005432,
        9.983000040054321
    ],
    "candidate_type": "POINT_TYPE_AVERAGE_ITERATE"
}