{"relative_l_inf_primal_residual":[0.0015554887341196625,7.035076591684161e-16,7.035076591684161e-16],"instance":"./MIPLIB/supportcase40.mps.gz","final iteration":2,"time_sec_limit":600,"dual_objective":[22533.994195658048,22536.46442782716,22536.46442782716],"max_iter":1000.0,"relative_l_inf_dual_residual":[0.00030151361722373767,3.95530302783412e-6,3.95530302783412e-6],"objective_tol":1.0e-8,"max_time":600,"initial_tol":0.001,"primal_objective":[22514.813133550764,22536.483378767975,22536.483378767975],"l_inf_primal_residual":[0.15710436214608592,7.105427357601002e-14,7.105427357601002e-14],"relative_optimality_gap":[0.0004257745647415296,4.2044111371989466e-7,4.2044111371989466e-7],"total_time":601.662999868393,"l_inf_dual_residual":[0.13234675248836977,0.0017361455036799239,0.0017361455036799239],"blackbox_time":[25.281999826431274,575.6699998378754,0.5559999942779541],"candidate_type":"POINT_TYPE_AVERAGE_ITERATE"}