{"instance":"./MIPLIB/supportcase40.mps.gz","primal_dual_gap":[3301.615586677166],"final iteration":0,"time_sec_limit":600,"bb_dual_objective":[22536.483374475734],"max_iter":0.0,"objective_tol":1.0e-8,"max_time":600,"bb_primal_objective":[22536.483385536252],"bb_relative_optimality_gap":[2.453859435593979e-10],"initial_tol":1.0e-8,"optimal_primal_cost":[22536.483385536252],"total_time":119.04399991035461,"blackbox_time":[118.98099994659424],"optimal_dual_cost":[19234.867798859086],"max_delta_feas_opt":[2707.9567191195283]}