{"instance":"./MIPLIB/supportcase40.mps.gz","primal_dual_gap":[3277.4383852641477,3301.6155797094434,3301.6155797094434,3301.6155797094434,3301.6155797094434,3301.6155797094434,3301.6155797094434,3301.6155797094434,3301.6155797094434,3301.6155797094434,3301.6155797094434,3301.6155797094434,3301.6155797094434,3301.6155797094434,3301.6155797094434,3301.6155797094434,3301.6155797094434,3301.6155797094434,3301.6155797094434,3301.6155797094434,3301.6155797094434,3301.6155797094434,3301.6155797094434,3301.6155797094434,3301.6155797094434,3301.6155797094434,3301.6155797094434,3301.6155797094434,3301.6155797094434,3301.6155797094434,3301.6155797094434,3301.6155797094434,3301.6155797094434,3301.6155797094434,3301.6155797094434,3301.6155797094434,3.074313075033836e41,3.074313075033836e41],"final iteration":37,"time_sec_limit":600,"bb_dual_objective":[22533.994195658044,-0.0004225185478298754,-3.114859667500906e-16,-3.4263456342509967e-16,-3.768980197676097e-16,-4.1458782174437064e-16,-4.560466039188078e-16,-5.016512643106885e-16,-5.518163907417574e-16,-6.069980298159333e-16,-6.676978327975266e-16,-7.344676160772793e-16,-8.079143776850074e-16,-8.887058154535082e-16,-9.77576396998859e-16,-1.075334036698745e-15,-1.1828674403686194e-15,-1.3011541844054814e-15,-1.4312696028460297e-15,-1.5743965631306327e-15,-1.7318362194436961e-15,-1.905019841388066e-15,-2.0955218255268726e-15,-2.30507400807956e-15,-2.535581408887516e-15,-2.789139549776268e-15,-3.0680535047538947e-15,-3.374858855229284e-15,-3.7123447407522134e-15,-4.0835792148274344e-15,-4.491937136310179e-15,-4.9411308499411965e-15,-5.435243934935317e-15,-5.978768328428849e-15,-6.576645161271735e-15,-7.234309677398908e-15,-1.4478849244521962e35,-0.0004493320282329538],"max_iter":1000.0,"objective_tol":1.0e-8,"max_time":600,"bb_primal_objective":[22514.813133550764,-0.00042251851777100314,0.0,0.0,0.0,0.0,0.0,0.0,0.0,0.0,0.0,0.0,0.0,0.0,0.0,0.0,0.0,0.0,0.0,0.0,0.0,0.0,0.0,0.0,0.0,0.0,0.0,0.0,0.0,0.0,0.0,0.0,0.0,0.0,0.0,0.0,8.821469746240704e-14,0.0],"bb_relative_optimality_gap":[0.0004257745647414489,3.003349286025594e-11,3.1148596675009053e-16,3.4263456342509953e-16,3.7689801976760955e-16,4.1458782174437045e-16,4.560466039188076e-16,5.016512643106883e-16,5.518163907417573e-16,6.069980298159329e-16,6.676978327975261e-16,7.344676160772788e-16,8.079143776850067e-16,8.887058154535074e-16,9.775763969988582e-16,1.0753340366987438e-15,1.182867440368618e-15,1.3011541844054796e-15,1.4312696028460277e-15,1.5743965631306303e-15,1.731836219443693e-15,1.905019841388062e-15,2.0955218255268682e-15,2.3050740080795547e-15,2.5355814088875095e-15,2.78913954977626e-15,3.0680535047538852e-15,3.374858855229273e-15,3.712344740752199e-15,4.083579214827418e-15,4.491937136310159e-15,4.941130849941172e-15,5.435243934935288e-15,5.978768328428813e-15,6.5766451612716905e-15,7.234309677398854e-15,1.0,0.000449130219640422],"initial_tol":0.001,"optimal_primal_cost":[22514.813133550764,22536.483378752553,22536.483378752553,22536.483378752553,22536.483378752553,22536.483378752553,22536.483378752553,22536.483378752553,22536.483378752553,22536.483378752553,22536.483378752553,22536.483378752553,22536.483378752553,22536.483378752553,22536.483378752553,22536.483378752553,22536.483378752553,22536.483378752553,22536.483378752553,22536.483378752553,22536.483378752553,22536.483378752553,22536.483378752553,22536.483378752553,22536.483378752553,22536.483378752553,22536.483378752553,22536.483378752553,22536.483378752553,22536.483378752553,22536.483378752553,22536.483378752553,22536.483378752553,22536.483378752553,22536.483378752553,22536.483378752553,22536.483379207522,22536.483379207522],"total_time":600.8619999885559,"blackbox_time":[88.85500001907349,10.11899995803833,0.6010000705718994,0.34799981117248535,0.5820000171661377,0.3299999237060547,0.5199999809265137,0.2779998779296875,0.5820000171661377,0.34599995613098145,0.4890000820159912,0.2819998264312744,0.7230000495910645,0.2890000343322754,0.503000020980835,0.2929999828338623,0.48399996757507324,0.2929999828338623,0.502000093460083,0.2669999599456787,0.503000020980835,0.27900004386901855,0.47300004959106445,0.26999998092651367,0.500999927520752,0.26600003242492676,0.5019998550415039,0.26800012588500977,0.47099995613098145,0.28299999237060547,0.48600006103515625,0.2690000534057617,0.48599982261657715,0.2670001983642578,0.4740002155303955,0.2760000228881836,487.50300002098083,0.34999990463256836],"optimal_dual_cost":[19237.374748286617,19234.86779904311,19234.86779904311,19234.86779904311,19234.86779904311,19234.86779904311,19234.86779904311,19234.86779904311,19234.86779904311,19234.86779904311,19234.86779904311,19234.86779904311,19234.86779904311,19234.86779904311,19234.86779904311,19234.86779904311,19234.86779904311,19234.86779904311,19234.86779904311,19234.86779904311,19234.86779904311,19234.86779904311,19234.86779904311,19234.86779904311,19234.86779904311,19234.86779904311,19234.86779904311,19234.86779904311,19234.86779904311,19234.86779904311,19234.86779904311,19234.86779904311,19234.86779904311,19234.86779904311,19234.86779904311,19234.86779904311,-3.074313075033836e41,-3.074313075033836e41],"max_delta_feas_opt":[2707.895506475876,1.5480247553793052e8,1.5480247553793052e8,1.5480247553793052e8,1.5480247553793052e8,1.5480247553793052e8,1.5480247553793052e8,1.5480247553793052e8,1.5480247553793052e8,1.5480247553793052e8,1.5480247553793052e8,1.5480247553793052e8,1.5480247553793052e8,1.5480247553793052e8,1.5480247553793052e8,1.5480247553793052e8,1.5480247553793052e8,1.5480247553793052e8,1.5480247553793052e8,1.5480247553793052e8,1.5480247553793052e8,1.5480247553793052e8,1.5480247553793052e8,1.5480247553793052e8,1.5480247553793052e8,1.5480247553793052e8,1.5480247553793052e8,1.5480247553793052e8,1.5480247553793052e8,1.5480247553793052e8,1.5480247553793052e8,1.5480247553793052e8,1.5480247553793052e8,1.5480247553793052e8,1.5480247553793052e8,1.5480247553793052e8,5.487051323920513e46,5.487051323920513e46]}