{
    "relative_l_inf_primal_residual": [
        6.961238186546991e-10
    ],
    "instance": "./MIPLIB/supportcase40.mps.gz",
    "final iteration": 0,
    "time_sec_limit": 600,
    "dual_objective": [
        22536.483374475738
    ],
    "max_iter": 0,
    "relative_l_inf_dual_residual": [
        3.3206592759411266e-10
    ],
    "objective_tol": 1.0e-8,
    "max_time": 600,
    "initial_tol": 1.0e-8,
    "primal_objective": [
        22536.483385536252
    ],
    "l_inf_primal_residual": [
        7.030850568412461e-8
    ],
    "relative_optimality_gap": [
        2.4538586284809005e-10
    ],
    "total_time": 129.3199999332428,
    "l_inf_dual_residual": [
        1.4575742062259006e-7
    ],
    "blackbox_time": [
        129.21799993515015
    ],
    "candidate_type": "POINT_TYPE_AVERAGE_ITERATE"
}