{
    "instance": "./instance/mps1.mps",
    "primal_dual_gap": [
        -0.0038389195542265497,
        -6.197353741299594e-11
    ],
    "final iteration": 1,
    "time_sec_limit": 300,
    "optimal_cost": [
        65.9864519144381,
        65.99999999999996
    ],
    "max_iter": 3,
    "objective_tol": 1.0e-8,
    "optimality_gap": [
        0.010316660282223177,
        1.0075917053833922e-10
    ],
    "initial_tol": 0.001,
    "blackbox_time": [
        26.913999795913696,
        0.9839999675750732
    ],
    "optimal_dual_cost": [
        65.99029083399233,
        66.00000000006193
    ]
}