{"relative_l_inf_primal_residual":[0.0040167992897660884,1.6703641050701098e-11],"instance":"/nfs/sloanlab007/projects/pdopt_proj/instances/lp/miplib2017/bab6.mps.gz","time_sec_limit":600,"dual_objective":[-322284.7500664551,-321641.3587490474],"max_iter":1000.0,"relative_l_inf_dual_residual":[0.0001433486149392606,1.2048761113458861e-13],"objective_tol":1.0e-8,"termination_reason":["TERMINATION_REASON_OPTIMAL","TERMINATION_REASON_OPTIMAL"],"D2_condition_number":[1.0,122.22627249065886],"alpha":11.0,"initial_tol":0.001,"primal_objective":[-322745.103133261,-321641.3587479126],"l_inf_primal_residual":[0.1852287945526072,7.702638527007366e-10],"relative_optimality_gap":[0.0007136915459504863,1.7640091279217085e-12],"D1_condition_number":[1.0,2.0375167400786793],"last_iteration":1,"total_time":76.73528909683228,"l_inf_dual_residual":[0.5336338544313397,4.4853079583795363e-10],"blackbox_time":[3.1875710487365723,73.47278904914856],"candidate_type":"POINT_TYPE_AVERAGE_ITERATE"}