{"relative_l_inf_primal_residual":[0.0040167992897660884,7.52561395449257e-11],"instance":"/nfs/sloanlab007/projects/pdopt_proj/instances/lp/miplib2017/bab6.mps.gz","time_sec_limit":600,"dual_objective":[-322284.7500664551,-321641.35874956095],"max_iter":1000.0,"relative_l_inf_dual_residual":[0.0001433486149392606,1.0575735988495014e-13],"objective_tol":1.0e-8,"termination_reason":["TERMINATION_REASON_OPTIMAL","TERMINATION_REASON_OPTIMAL"],"D2_condition_number":[1.0,1122.259411050595],"alpha":101.0,"initial_tol":0.001,"primal_objective":[-322745.103133261,-321641.35875218187],"l_inf_primal_residual":[0.1852287945526072,3.4703262485891173e-9],"relative_optimality_gap":[0.0007136915459504863,4.074277455877929e-12],"D1_condition_number":[1.0,18.70810824981333],"last_iteration":1,"total_time":87.24344897270203,"l_inf_dual_residual":[0.5336338544313397,3.93695520628512e-10],"blackbox_time":[3.1821157932281494,83.98428320884705],"candidate_type":"POINT_TYPE_AVERAGE_ITERATE"}