{"relative_l_inf_primal_residual":[0.0040167992897660884,1.0001929868850348e-10],"instance":"/nfs/sloanlab007/projects/pdopt_proj/instances/lp/miplib2017/bab6.mps.gz","time_sec_limit":600,"dual_objective":[-322284.7500664551,-321641.35875479603],"max_iter":1000.0,"relative_l_inf_dual_residual":[0.0001433486149392606,9.307828476461655e-13],"objective_tol":1.0e-8,"termination_reason":["TERMINATION_REASON_OPTIMAL","TERMINATION_REASON_OPTIMAL"],"D2_condition_number":[1.0,11.22259411050595],"alpha":1.01,"initial_tol":0.001,"primal_objective":[-322745.103133261,-321641.3587531053],"l_inf_primal_residual":[0.1852287945526072,4.612242930651265e-9],"relative_optimality_gap":[0.0007136915459504863,2.628323833694299e-12],"D1_condition_number":[1.0,1.0],"last_iteration":1,"total_time":67.50526094436646,"l_inf_dual_residual":[0.5336338544313397,3.4649601521330453e-9],"blackbox_time":[3.1859750747680664,64.24316000938416],"candidate_type":"POINT_TYPE_AVERAGE_ITERATE"}