{"relative_l_inf_primal_residual":[0.0020067161748617,1.4432899320127035e-15,5.549491077032725e-15,5.549491077032725e-15],"instance":"/nfs/sloanlab007/projects/pdopt_proj/instances/lp/miplib2017/datt256.mps.gz","time_sec_limit":600,"dual_objective":[255.67344889843184,255.99997749278555,-1.905715913280487e6,-1.905715913280487e6],"max_iter":1000.0,"relative_l_inf_dual_residual":[0.0,0.0,0.0,0.0],"objective_tol":1.0e-8,"termination_reason":["TERMINATION_REASON_OPTIMAL","TERMINATION_REASON_OPTIMAL","TERMINATION_REASON_TIME_LIMIT","TERMINATION_REASON_TIME_LIMIT"],"D2_condition_number":[1.0,1.0,1.0,1.4430205799560547e6],"alpha":11.0,"initial_tol":0.001,"primal_objective":[255.99962019141674,256.0,256.0,256.0],"l_inf_primal_residual":[0.0040134323497234,2.886579864025407e-15,1.109898215406545e-14,1.109898215406545e-14],"relative_optimality_gap":[0.00063621694340986,4.3873714309057416e-8,0.9999994753335721,0.9999994753335721],"D1_condition_number":[1.0,1.0,1.0,1.0],"last_iteration":3,"total_time":604.2259559631348,"l_inf_dual_residual":[0.0,0.0,0.0,0.0],"blackbox_time":[2.2064528465270996,393.97252798080444,205.42161798477173,2.1868090629577637],"candidate_type":"POINT_TYPE_AVERAGE_ITERATE"}