{"relative_l_inf_primal_residual":[0.0020067161748617,1.4432899320127035e-15,5.4432053489199725e-15,5.4432053489199725e-15],"instance":"/nfs/sloanlab007/projects/pdopt_proj/instances/lp/miplib2017/datt256.mps.gz","time_sec_limit":600,"dual_objective":[255.67344889843184,255.99998557199433,-239915.92072677612,-239915.92072677612],"max_iter":1000.0,"relative_l_inf_dual_residual":[0.0,0.0,0.0,0.0],"objective_tol":1.0e-8,"termination_reason":["TERMINATION_REASON_OPTIMAL","TERMINATION_REASON_OPTIMAL","TERMINATION_REASON_TIME_LIMIT","TERMINATION_REASON_TIME_LIMIT"],"D2_condition_number":[1.0,1.0,1.0,1.0263336116888428e8],"alpha":101.0,"initial_tol":0.001,"primal_objective":[255.99962019141674,256.0,256.0,256.0],"l_inf_primal_residual":[0.0040134323497234,2.886579864025407e-15,1.0886410697839945e-14,1.0886410697839945e-14],"relative_optimality_gap":[0.00063621694340986,2.8124768179301408e-8,0.9999958363332678,0.9999958363332678],"D1_condition_number":[1.0,1.0,1.0,1.0],"last_iteration":3,"total_time":604.548229932785,"l_inf_dual_residual":[0.0,0.0,0.0,0.0],"blackbox_time":[1.9795918464660645,126.65452885627747,473.32284808158875,1.9167258739471436],"candidate_type":"POINT_TYPE_AVERAGE_ITERATE"}