{"relative_l_inf_primal_residual":[0.0020067161748617,1.4432899320127035e-15],"instance":"/nfs/sloanlab007/projects/pdopt_proj/instances/lp/miplib2017/datt256.mps.gz","time_sec_limit":600,"dual_objective":[255.67344889843184,255.99999844885315],"max_iter":1000.0,"relative_l_inf_dual_residual":[0.0,0.0],"objective_tol":1.0e-8,"termination_reason":["TERMINATION_REASON_OPTIMAL","TERMINATION_REASON_OPTIMAL"],"D2_condition_number":[1.0,1.0],"alpha":1.1,"initial_tol":0.001,"primal_objective":[255.99962019141674,256.0],"l_inf_primal_residual":[0.0040134323497234,2.886579864025407e-15],"relative_optimality_gap":[0.00063621694340986,3.0236780829292494e-9],"D1_condition_number":[1.0,1.0],"last_iteration":1,"total_time":8.311493873596191,"l_inf_dual_residual":[0.0,0.0],"blackbox_time":[1.9505369663238525,6.167039155960083],"candidate_type":"POINT_TYPE_AVERAGE_ITERATE"}