{"relative_l_inf_primal_residual":[0.0001439689523810017,2.9175027308481205e-6,2.9175027308481205e-6],"instance":"/nfs/sloanlab007/projects/pdopt_proj/instances/lp/miplib2017/ds-big.mps.gz","time_sec_limit":600,"dual_objective":[86.80026035294846,86.82000538969169,86.82000538969169],"max_iter":1000.0,"relative_l_inf_dual_residual":[0.0,0.0,0.0],"objective_tol":1.0e-8,"termination_reason":["TERMINATION_REASON_OPTIMAL","TERMINATION_REASON_TIME_LIMIT","TERMINATION_REASON_TIME_LIMIT"],"D2_condition_number":[1.0,1.0,1.0],"alpha":11.0,"initial_tol":0.001,"primal_objective":[86.91212365557166,86.81611694446576,86.81611694446576],"l_inf_primal_residual":[0.0002879379047620034,5.835005461696241e-6,5.835005461696241e-6],"relative_optimality_gap":[0.0006402711705756983,2.2265984688351058e-5,2.2265984688351058e-5],"D1_condition_number":[1.0,1.0,1.0],"last_iteration":2,"total_time":609.1586458683014,"l_inf_dual_residual":[0.0,0.0,0.0],"blackbox_time":[45.86432886123657,558.3369479179382,4.530962944030762],"candidate_type":"POINT_TYPE_AVERAGE_ITERATE"}