{
    "relative_l_inf_primal_residual": [
        0.0001439689523810017,
        1.1629264933810113e-6,
        1.1629264933810113e-6
    ],
    "instance": "/nfs/sloanlab007/projects/pdopt_proj/instances/lp/miplib2017/ds-big.mps.gz",
    "time_sec_limit": 600,
    "dual_objective": [
        86.80026035294846,
        86.81457884611206,
        86.81457884611206
    ],
    "max_iter": 1000.0,
    "relative_l_inf_dual_residual": [
        0.0,
        0.0,
        0.0
    ],
    "objective_tol": 1.0e-8,
    "termination_reason": [
        "TERMINATION_REASON_OPTIMAL",
        "TERMINATION_REASON_TIME_LIMIT",
        "TERMINATION_REASON_TIME_LIMIT"
    ],
    "D2_condition_number": [
        1.0,
        1.0,
        1.0
    ],
    "alpha": 1.01,
    "initial_tol": 0.001,
    "primal_objective": [
        86.91212365557166,
        86.82119206379728,
        86.82119206379728
    ],
    "l_inf_primal_residual": [
        0.0002879379047620034,
        2.3258529867620226e-6,
        2.3258529867620226e-6
    ],
    "relative_optimality_gap": [
        0.0006402711705756983,
        3.786863167133974e-5,
        3.786863167133974e-5
    ],
    "D1_condition_number": [
        1.0,
        1.0,
        1.0
    ],
    "last_iteration": 2,
    "total_time": 609.459990978241,
    "l_inf_dual_residual": [
        0.0,
        0.0,
        0.0
    ],
    "blackbox_time": [
        46.03256893157959,
        558.3339428901672,
        4.689247131347656
    ],
    "candidate_type": "POINT_TYPE_AVERAGE_ITERATE"
}