{"relative_l_inf_primal_residual":[0.0001439689523810017,6.779611582130585e-7,6.779611582130585e-7],"instance":"/nfs/sloanlab007/projects/pdopt_proj/instances/lp/miplib2017/ds-big.mps.gz","time_sec_limit":600,"dual_objective":[86.80026035294846,86.82004601194315,86.82004601194315],"max_iter":1000.0,"relative_l_inf_dual_residual":[0.0,0.0,0.0],"objective_tol":1.0e-8,"termination_reason":["TERMINATION_REASON_OPTIMAL","TERMINATION_REASON_TIME_LIMIT","TERMINATION_REASON_TIME_LIMIT"],"D2_condition_number":[1.0,1.0,1.0],"alpha":101.0,"initial_tol":0.001,"primal_objective":[86.91212365557166,86.81912442289119,86.81912442289119],"l_inf_primal_residual":[0.0002879379047620034,1.355922316426117e-6,1.355922316426117e-6],"relative_optimality_gap":[0.0006402711705756983,5.277103926117726e-6,5.277103926117726e-6],"D1_condition_number":[1.0,1.0,1.0],"last_iteration":2,"total_time":609.4554588794708,"l_inf_dual_residual":[0.0,0.0,0.0],"blackbox_time":[45.65421485900879,558.663754940033,4.7080371379852295],"candidate_type":"POINT_TYPE_AVERAGE_ITERATE"}