{"relative_l_inf_primal_residual":[9.247419126704864,9.247419126704864],"instance":"/nfs/sloanlab007/projects/pdopt_proj/instances/lp/miplib2017/fhnw-binschedule1.mps.gz","time_sec_limit":600,"dual_objective":[32786.76789504336,32786.76789504336],"max_iter":1000.0,"relative_l_inf_dual_residual":[0.029383594774396338,0.029383594774396338],"objective_tol":1.0e-8,"termination_reason":["TERMINATION_REASON_TIME_LIMIT","TERMINATION_REASON_TIME_LIMIT"],"D2_condition_number":[1.0,1.0],"alpha":1.1,"initial_tol":0.001,"primal_objective":[38176.378830385285,38176.378830385285],"l_inf_primal_residual":[2746.4834806313447,2746.4834806313447],"relative_optimality_gap":[0.07594836525259958,0.07594836525259958],"D1_condition_number":[1.0,3021.1318286944797],"last_iteration":1,"total_time":637.0242910385132,"l_inf_dual_residual":[0.058767189548792675,0.058767189548792675],"blackbox_time":[618.2971858978271,17.272192001342773],"candidate_type":"POINT_TYPE_AVERAGE_ITERATE"}