{"relative_l_inf_primal_residual":[0.00601984647947456,9.854177377470161e-11],"instance":"/nfs/sloanlab007/projects/pdopt_proj/instances/lp/miplib2017/fhnw-binschedule0.mps.gz","time_sec_limit":600,"dual_objective":[12612.187273355054,12632.888779150273],"max_iter":1000.0,"relative_l_inf_dual_residual":[0.0001556649273311006,2.162714451969805e-13],"objective_tol":1.0e-8,"termination_reason":["TERMINATION_REASON_OPTIMAL","TERMINATION_REASON_OPTIMAL"],"D2_condition_number":[1.0,1.0],"alpha":1.1,"initial_tol":0.001,"primal_objective":[12636.07729852076,12632.888779152674],"l_inf_primal_residual":[0.2769129380558297,4.532921593636274e-9],"relative_optimality_gap":[0.0009461671684614959,9.502858079705986e-14],"D1_condition_number":[1.0,1.0],"last_iteration":1,"total_time":346.327143907547,"l_inf_dual_residual":[0.0003113298546622012,4.32542890393961e-13],"blackbox_time":[101.75336694717407,244.31696796417236],"candidate_type":"POINT_TYPE_AVERAGE_ITERATE"}