{"relative_l_inf_primal_residual":[0.00601984647947456,9.763227907292868e-11],"instance":"/nfs/sloanlab007/projects/pdopt_proj/instances/lp/miplib2017/fhnw-binschedule0.mps.gz","time_sec_limit":600,"dual_objective":[12612.187273355054,12632.888778723076],"max_iter":1000.0,"relative_l_inf_dual_residual":[0.0001556649273311006,7.460698725481052e-14],"objective_tol":1.0e-8,"termination_reason":["TERMINATION_REASON_OPTIMAL","TERMINATION_REASON_OPTIMAL"],"D2_condition_number":[1.0,1.0],"alpha":11.0,"initial_tol":0.001,"primal_objective":[12636.07729852076,12632.888779152849],"l_inf_primal_residual":[0.2769129380558297,4.49108483735472e-9],"relative_optimality_gap":[0.0009461671684614959,1.7009396049470297e-11],"D1_condition_number":[1.0,3.046042318614127],"last_iteration":1,"total_time":435.8534619808197,"l_inf_dual_residual":[0.0003113298546622012,1.4921397450962104e-13],"blackbox_time":[101.77321982383728,333.8228530883789],"candidate_type":"POINT_TYPE_AVERAGE_ITERATE"}