{"relative_l_inf_primal_residual":[8.843164366031482,8.843164366031482],"instance":"/nfs/sloanlab007/projects/pdopt_proj/instances/lp/miplib2017/fhnw-binschedule1.mps.gz","time_sec_limit":600,"dual_objective":[32863.03547357503,32863.03547357503],"max_iter":1000.0,"relative_l_inf_dual_residual":[0.03104696901453008,0.03104696901453008],"objective_tol":1.0e-8,"termination_reason":["TERMINATION_REASON_TIME_LIMIT","TERMINATION_REASON_TIME_LIMIT"],"D2_condition_number":[1.0,6.271487740935076],"alpha":101.0,"initial_tol":0.001,"primal_objective":[37976.425720961175,37976.425720961175],"l_inf_primal_residual":[2626.41981671135,2626.41981671135],"relative_optimality_gap":[0.07218177523356568,0.07218177523356568],"D1_condition_number":[1.0,265268.40148784633],"last_iteration":1,"total_time":636.7176740169525,"l_inf_dual_residual":[0.06209393802906016,0.06209393802906016],"blackbox_time":[617.9590051174164,17.110131978988647],"candidate_type":"POINT_TYPE_AVERAGE_ITERATE"}