{"relative_l_inf_primal_residual":[9.913607670988199,9.913607670988199],"instance":"/nfs/sloanlab007/projects/pdopt_proj/instances/lp/miplib2017/fhnw-binschedule1.mps.gz","time_sec_limit":600,"dual_objective":[32614.51644533035,32614.51644533035],"max_iter":1000.0,"relative_l_inf_dual_residual":[0.02589390682383652,0.02589390682383652],"objective_tol":1.0e-8,"termination_reason":["TERMINATION_REASON_TIME_LIMIT","TERMINATION_REASON_TIME_LIMIT"],"D2_condition_number":[1.0,1.0],"alpha":1.01,"initial_tol":0.001,"primal_objective":[38505.521209443876,38505.521209443876],"l_inf_primal_residual":[2944.3414782834952,2944.3414782834952],"relative_optimality_gap":[0.08283069199171156,0.08283069199171156],"D1_condition_number":[1.0,2973.7848930663304],"last_iteration":1,"total_time":637.2711789608002,"l_inf_dual_residual":[0.05178781364767304,0.05178781364767304],"blackbox_time":[618.3461029529572,17.262408018112183],"candidate_type":"POINT_TYPE_AVERAGE_ITERATE"}