{"relative_l_inf_primal_residual":[0.00601984647947456,2.0692981627729276e-10],"instance":"/nfs/sloanlab007/projects/pdopt_proj/instances/lp/miplib2017/fhnw-binschedule0.mps.gz","time_sec_limit":600,"dual_objective":[12612.187273355054,12632.888778826784],"max_iter":1000.0,"relative_l_inf_dual_residual":[0.0001556649273311006,6.394884621840902e-14],"objective_tol":1.0e-8,"termination_reason":["TERMINATION_REASON_OPTIMAL","TERMINATION_REASON_OPTIMAL"],"D2_condition_number":[1.0,1.0],"alpha":1.01,"initial_tol":0.001,"primal_objective":[12636.07729852076,12632.888779128667],"l_inf_primal_residual":[0.2769129380558297,9.518771548755467e-9],"relative_optimality_gap":[0.0009461671684614959,1.1947828277620115e-11],"D1_condition_number":[1.0,1.0],"last_iteration":1,"total_time":177.94522905349731,"l_inf_dual_residual":[0.0003113298546622012,1.2789769243681803e-13],"blackbox_time":[101.85126805305481,75.4956681728363],"candidate_type":"POINT_TYPE_AVERAGE_ITERATE"}