{"relative_l_inf_primal_residual":[0.00601984647947456,0.001065432470054277,0.001065432470054277],"instance":"/nfs/sloanlab007/projects/pdopt_proj/instances/lp/miplib2017/fhnw-binschedule0.mps.gz","time_sec_limit":600,"dual_objective":[12612.187273355054,12678.827075334817,12678.827075334817],"max_iter":1000.0,"relative_l_inf_dual_residual":[0.0001556649273311006,0.0016571746684992394,0.0016571746684992394],"objective_tol":1.0e-8,"termination_reason":["TERMINATION_REASON_OPTIMAL","TERMINATION_REASON_TIME_LIMIT","TERMINATION_REASON_TIME_LIMIT"],"D2_condition_number":[1.0,1.0,33.809677586721484],"alpha":101.0,"initial_tol":0.001,"primal_objective":[12636.07729852076,12632.965850378492,12632.965850378492],"l_inf_primal_residual":[0.2769129380558297,0.04900989362249675,0.04900989362249675],"relative_optimality_gap":[0.0009461671684614959,0.0018117805131545929,0.0018117805131545929],"D1_condition_number":[1.0,27.968206743638802,499.9499248430893],"last_iteration":2,"total_time":605.1787679195404,"l_inf_dual_residual":[0.0003113298546622012,0.003314349336998479,0.003314349336998479],"blackbox_time":[101.7487280368805,500.5401830673218,2.4740569591522217],"candidate_type":"POINT_TYPE_AVERAGE_ITERATE"}