{"relative_l_inf_primal_residual":[9.113443934603442,9.113443934603442],"instance":"/nfs/sloanlab007/projects/pdopt_proj/instances/lp/miplib2017/fhnw-binschedule1.mps.gz","time_sec_limit":600,"dual_objective":[32815.20337931189,32815.20337931189],"max_iter":1000.0,"relative_l_inf_dual_residual":[0.0299692198759528,0.0299692198759528],"objective_tol":1.0e-8,"termination_reason":["TERMINATION_REASON_TIME_LIMIT","TERMINATION_REASON_TIME_LIMIT"],"D2_condition_number":[1.0,1.0],"alpha":11.0,"initial_tol":0.001,"primal_objective":[38110.1004346395,38110.1004346395],"l_inf_primal_residual":[2706.6928485772223,2706.6928485772223],"relative_optimality_gap":[0.07465350329289384,0.07465350329289384],"D1_condition_number":[1.0,29773.621334349446],"last_iteration":1,"total_time":637.1146528720856,"l_inf_dual_residual":[0.0599384397519056,0.0599384397519056],"blackbox_time":[618.2562630176544,17.412107944488525],"candidate_type":"POINT_TYPE_AVERAGE_ITERATE"}