{
    "relative_l_inf_primal_residual": [
        0.00019712710193268515,
        1.4802973661668755e-15
    ],
    "instance": "/nfs/sloanlab007/projects/pdopt_proj/instances/lp/miplib2017/graph40-80-1rand.mps.gz",
    "time_sec_limit": 600,
    "dual_objective": [
        -512.7613550446691,
        -512.0000000157124
    ],
    "max_iter": 1000.0,
    "relative_l_inf_dual_residual": [
        1.1062996958001414e-6,
        3.818521151505844e-14
    ],
    "objective_tol": 1.0e-8,
    "termination_reason": [
        "TERMINATION_REASON_OPTIMAL",
        "TERMINATION_REASON_OPTIMAL"
    ],
    "D2_condition_number": [
        1.0,
        1.0
    ],
    "alpha": 1.1,
    "initial_tol": 0.001,
    "primal_objective": [
        -512.0,
        -512.0
    ],
    "l_inf_primal_residual": [
        0.0005913813057980555,
        4.440892098500626e-15
    ],
    "relative_optimality_gap": [
        0.0007422340887817671,
        1.532920045618366e-11
    ],
    "D1_condition_number": [
        1.0,
        1.0
    ],
    "last_iteration": 1,
    "total_time": 30.526593923568726,
    "l_inf_dual_residual": [
        2.2125993916002827e-6,
        7.637042303011688e-14
    ],
    "blackbox_time": [
        12.931845903396606,
        16.585659980773926
    ],
    "candidate_type": "POINT_TYPE_AVERAGE_ITERATE"
}