{"relative_l_inf_primal_residual":[0.0003984311353162521,0.00010307095228261535,0.00010307095228261535],"instance":"/nfs/sloanlab007/projects/pdopt_proj/instances/lp/miplib2017/hgms62.mps.gz","time_sec_limit":600,"dual_objective":[-57212.93372875829,-7.200145125162784e17,-7.200145125162784e17],"max_iter":1000.0,"relative_l_inf_dual_residual":[0.00016241210480454296,2.693460827171271e10,2.693460827171271e10],"objective_tol":1.0e-8,"termination_reason":["TERMINATION_REASON_OPTIMAL","TERMINATION_REASON_TIME_LIMIT","TERMINATION_REASON_TIME_LIMIT"],"D2_condition_number":[1.0,24.446966835362453,1.7034840113509022e16],"alpha":101.0,"initial_tol":0.001,"primal_objective":[-57301.11736770777,-23717.702577442204,-23717.702577442204],"l_inf_primal_residual":[1.8569879139252221,0.4803879408511995,0.4803879408511995],"relative_optimality_gap":[0.0007700615605121945,0.9999999999999343,0.9999999999999343],"D1_condition_number":[1.0,187.55577930644742,4900.4373846230865],"last_iteration":2,"total_time":609.4624378681183,"l_inf_dual_residual":[0.00016492687759412603,2.7351661052731083e10,2.7351661052731083e10],"blackbox_time":[57.385822057724,546.7185349464417,4.450064182281494],"candidate_type":"POINT_TYPE_AVERAGE_ITERATE"}