{"relative_l_inf_primal_residual":[0.0003984311353162521,0.00014475819638390375,0.00014475819638390375],"instance":"/nfs/sloanlab007/projects/pdopt_proj/instances/lp/miplib2017/hgms62.mps.gz","time_sec_limit":600,"dual_objective":[-57212.93372875829,-1.1115089547425872e19,-1.1115089547425872e19],"max_iter":1000.0,"relative_l_inf_dual_residual":[0.00016241210480454296,3.5303986701952686e11,3.5303986701952686e11],"objective_tol":1.0e-8,"termination_reason":["TERMINATION_REASON_OPTIMAL","TERMINATION_REASON_TIME_LIMIT","TERMINATION_REASON_TIME_LIMIT"],"D2_condition_number":[1.0,1.0,2.530073428355998e13],"alpha":1.1,"initial_tol":0.001,"primal_objective":[-57301.11736770777,-20603.09228994886,-20603.09228994886],"l_inf_primal_residual":[1.8569879139252221,0.6746817637962794,0.6746817637962794],"relative_optimality_gap":[0.0007700615605121945,0.9999999999999963,0.9999999999999963],"D1_condition_number":[1.0,2.0426867053177444,2.0426867053177444],"last_iteration":2,"total_time":609.6209211349487,"l_inf_dual_residual":[0.00016492687759412603,3.585063010164705e11,3.585063010164705e11],"blackbox_time":[57.39204120635986,546.798819065094,4.520095109939575],"candidate_type":"POINT_TYPE_AVERAGE_ITERATE"}