{"relative_l_inf_primal_residual":[0.0003984311353162521,0.00014656714654201638,0.00014656714654201638],"instance":"/nfs/sloanlab007/projects/pdopt_proj/instances/lp/miplib2017/hgms62.mps.gz","time_sec_limit":600,"dual_objective":[-57212.93372875829,-1.412917125667319e19,-1.412917125667319e19],"max_iter":1000.0,"relative_l_inf_dual_residual":[0.00016241210480454296,3.876547157278706e11,3.876547157278706e11],"objective_tol":1.0e-8,"termination_reason":["TERMINATION_REASON_OPTIMAL","TERMINATION_REASON_TIME_LIMIT","TERMINATION_REASON_TIME_LIMIT"],"D2_condition_number":[1.0,2.6625409424652173,3.192722927085604e15],"alpha":11.0,"initial_tol":0.001,"primal_objective":[-57301.11736770777,-20463.35811354206,-20463.35811354206],"l_inf_primal_residual":[1.8569879139252221,0.6831128282457029,0.6831128282457029],"relative_optimality_gap":[0.0007700615605121945,0.9999999999999971,0.9999999999999971],"D1_condition_number":[1.0,20.426867053177443,82.65665221773006],"last_iteration":2,"total_time":609.5525438785553,"l_inf_dual_residual":[0.00016492687759412603,3.936571225807294e11,3.936571225807294e11],"blackbox_time":[57.39260387420654,546.7647230625153,4.4861979484558105],"candidate_type":"POINT_TYPE_AVERAGE_ITERATE"}