{"relative_l_inf_primal_residual":[0.0003984311353162521,0.00014847447603057257,0.00014847447603057257],"instance":"/nfs/sloanlab007/projects/pdopt_proj/instances/lp/miplib2017/hgms62.mps.gz","time_sec_limit":600,"dual_objective":[-57212.93372875829,-1.349045805462975e19,-1.349045805462975e19],"max_iter":1000.0,"relative_l_inf_dual_residual":[0.00016241210480454296,3.667805711280933e11,3.667805711280933e11],"objective_tol":1.0e-8,"termination_reason":["TERMINATION_REASON_OPTIMAL","TERMINATION_REASON_TIME_LIMIT","TERMINATION_REASON_TIME_LIMIT"],"D2_condition_number":[1.0,1.0,2.36562823984845e13],"alpha":1.01,"initial_tol":0.001,"primal_objective":[-57301.11736770777,-20313.58684409225,-20313.58684409225],"l_inf_primal_residual":[1.8569879139252221,0.6920024141594912,0.6920024141594912],"relative_optimality_gap":[0.0007700615605121945,0.999999999999997,0.999999999999997],"D1_condition_number":[1.0,1.8755577930644742,1.8755577930644742],"last_iteration":2,"total_time":609.5453169345856,"l_inf_dual_residual":[0.00016492687759412603,3.724597648133836e11,3.724597648133836e11],"blackbox_time":[57.608277797698975,546.5441207885742,4.483133792877197],"candidate_type":"POINT_TYPE_AVERAGE_ITERATE"}