{"relative_l_inf_primal_residual":[0.003272567314819138,1.5449067950849365e-11],"instance":"/nfs/sloanlab007/projects/pdopt_proj/instances/lp/miplib2017/in.mps.gz","time_sec_limit":600,"dual_objective":[57.885227988876125,57.99999999371357],"max_iter":1000.0,"relative_l_inf_dual_residual":[7.094690227138331e-5,2.310896452869666e-13],"objective_tol":1.0e-8,"termination_reason":["TERMINATION_REASON_OPTIMAL","TERMINATION_REASON_OPTIMAL"],"D2_condition_number":[1.0,1.0],"alpha":11.0,"initial_tol":0.001,"primal_objective":[57.99036457512916,58.00000000000412],"l_inf_primal_residual":[0.009817701944457413,4.634720385254809e-11],"relative_optimality_gap":[0.0008995598135296068,5.376537202444153e-11],"D1_condition_number":[1.0,1.0],"last_iteration":1,"total_time":177.3822660446167,"l_inf_dual_residual":[0.00014189380454276661,4.621792905739332e-13],"blackbox_time":[45.89769411087036,129.80350494384766],"candidate_type":"POINT_TYPE_AVERAGE_ITERATE"}