{"relative_l_inf_primal_residual":[0.003272567314819138,2.334273515221715e-11],"instance":"/nfs/sloanlab007/projects/pdopt_proj/instances/lp/miplib2017/in.mps.gz","time_sec_limit":600,"dual_objective":[57.885227988876125,57.99999999301508],"max_iter":1000.0,"relative_l_inf_dual_residual":[7.094690227138331e-5,5.244790248140444e-13],"objective_tol":1.0e-8,"termination_reason":["TERMINATION_REASON_OPTIMAL","TERMINATION_REASON_OPTIMAL"],"D2_condition_number":[1.0,2.233647455515874],"alpha":101.0,"initial_tol":0.001,"primal_objective":[57.99036457512916,57.99999999994881],"l_inf_primal_residual":[0.009817701944457413,7.002820545665145e-11],"relative_optimality_gap":[0.0008995598135296068,5.926266505426419e-11],"D1_condition_number":[1.0,1.0],"last_iteration":1,"total_time":192.49659895896912,"l_inf_dual_residual":[0.00014189380454276661,1.0489580496280887e-12],"blackbox_time":[44.69415307044983,146.1115870475769],"candidate_type":"POINT_TYPE_AVERAGE_ITERATE"}