{"relative_l_inf_primal_residual":[0.003272567314819138,1.705395084409626e-11],"instance":"/nfs/sloanlab007/projects/pdopt_proj/instances/lp/miplib2017/in.mps.gz","time_sec_limit":600,"dual_objective":[57.885227988876125,57.99999999103602],"max_iter":1000.0,"relative_l_inf_dual_residual":[7.094690227138331e-5,1.6995520178524748e-13],"objective_tol":1.0e-8,"termination_reason":["TERMINATION_REASON_OPTIMAL","TERMINATION_REASON_OPTIMAL"],"D2_condition_number":[1.0,1.0],"alpha":1.01,"initial_tol":0.001,"primal_objective":[57.99036457512916,57.99999999996029],"l_inf_primal_residual":[0.009817701944457413,5.1161852532288776e-11],"relative_optimality_gap":[0.0008995598135296068,7.627579100734283e-11],"D1_condition_number":[1.0,1.0],"last_iteration":1,"total_time":163.02592420578003,"l_inf_dual_residual":[0.00014189380454276661,3.3991040357049496e-13],"blackbox_time":[45.68294811248779,115.64317011833191],"candidate_type":"POINT_TYPE_AVERAGE_ITERATE"}