{"relative_l_inf_primal_residual":[0.003272567314819138,3.29097860074512e-11],"instance":"/nfs/sloanlab007/projects/pdopt_proj/instances/lp/miplib2017/in.mps.gz","time_sec_limit":600,"dual_objective":[57.885227988876125,57.9999999916181],"max_iter":1000.0,"relative_l_inf_dual_residual":[7.094690227138331e-5,1.3026393657321333e-13],"objective_tol":1.0e-8,"termination_reason":["TERMINATION_REASON_OPTIMAL","TERMINATION_REASON_OPTIMAL"],"D2_condition_number":[1.0,1.0],"alpha":1.1,"initial_tol":0.001,"primal_objective":[57.99036457512916,58.00000000000145],"l_inf_primal_residual":[0.009817701944457413,9.872935802235361e-11],"relative_optimality_gap":[0.0008995598135296068,7.165258700274135e-11],"D1_condition_number":[1.0,1.0],"last_iteration":1,"total_time":142.72774410247803,"l_inf_dual_residual":[0.00014189380454276661,2.6052787314642667e-13],"blackbox_time":[46.0973379611969,94.95705008506775],"candidate_type":"POINT_TYPE_AVERAGE_ITERATE"}