{"relative_l_inf_primal_residual":[0.00033761419100432024,8.888889624358853e-15],"instance":"/nfs/sloanlab007/projects/pdopt_proj/instances/lp/miplib2017/kosova1.mps.gz","time_sec_limit":600,"dual_objective":[-0.0009739112867994115,-8.129291018121876e-9],"max_iter":1000.0,"relative_l_inf_dual_residual":[1.0121444477860532e-7,1.0009402463447535e-11],"objective_tol":1.0e-8,"termination_reason":["TERMINATION_REASON_OPTIMAL","TERMINATION_REASON_OPTIMAL"],"D2_condition_number":[1.0,1.0],"alpha":11.0,"initial_tol":0.001,"primal_objective":[0.0,0.0],"l_inf_primal_residual":[0.3376141910043202,8.888889624358853e-12],"relative_optimality_gap":[0.0009729637064640399,8.129290952036504e-9],"D1_condition_number":[1.0,3.7137561010475224],"last_iteration":1,"total_time":14.44572114944458,"l_inf_dual_residual":[2.0242888955721063e-7,2.001880492689507e-11],"blackbox_time":[5.4964799880981445,8.287521839141846],"candidate_type":"POINT_TYPE_AVERAGE_ITERATE"}