{"relative_l_inf_primal_residual":[0.00033761419100432024,2.2659207843389595e-14],"instance":"/nfs/sloanlab007/projects/pdopt_proj/instances/lp/miplib2017/kosova1.mps.gz","time_sec_limit":600,"dual_objective":[-0.0009739112867994115,-6.209688763192389e-9],"max_iter":1000.0,"relative_l_inf_dual_residual":[1.0121444477860532e-7,6.486633617949991e-12],"objective_tol":1.0e-8,"termination_reason":["TERMINATION_REASON_OPTIMAL","TERMINATION_REASON_OPTIMAL"],"D2_condition_number":[1.0,1.0],"alpha":1.01,"initial_tol":0.001,"primal_objective":[0.0,0.0],"l_inf_primal_residual":[0.3376141910043202,2.2659207843389595e-11],"relative_optimality_gap":[0.0009729637064640399,6.209688724632155e-9],"D1_condition_number":[1.0,1.0],"last_iteration":1,"total_time":14.128250122070312,"l_inf_dual_residual":[2.0242888955721063e-7,1.2973267235899982e-11],"blackbox_time":[5.504262208938599,7.9697489738464355],"candidate_type":"POINT_TYPE_AVERAGE_ITERATE"}