{"relative_l_inf_primal_residual":[0.00033761419100432024,8.569145393266808e-15],"instance":"/nfs/sloanlab007/projects/pdopt_proj/instances/lp/miplib2017/kosova1.mps.gz","time_sec_limit":600,"dual_objective":[-0.0009739112867994115,-4.71482053399086e-9],"max_iter":1000.0,"relative_l_inf_dual_residual":[1.0121444477860532e-7,1.793512313974043e-12],"objective_tol":1.0e-8,"termination_reason":["TERMINATION_REASON_OPTIMAL","TERMINATION_REASON_OPTIMAL"],"D2_condition_number":[1.0,1.0],"alpha":1.1,"initial_tol":0.001,"primal_objective":[0.0,0.0],"l_inf_primal_residual":[0.3376141910043202,8.569145393266808e-12],"relative_optimality_gap":[0.0009729637064640399,4.714820511761327e-9],"D1_condition_number":[1.0,1.0],"last_iteration":1,"total_time":13.924350023269653,"l_inf_dual_residual":[2.0242888955721063e-7,3.587024627948086e-12],"blackbox_time":[5.451778888702393,7.8130950927734375],"candidate_type":"POINT_TYPE_AVERAGE_ITERATE"}