{"relative_l_inf_primal_residual":[0.007287423622663031,8.399745315215586e-12],"instance":"/nfs/sloanlab007/projects/pdopt_proj/instances/lp/miplib2017/neos-4647027-thurso.mps.gz","time_sec_limit":600,"dual_objective":[26822.336156685335,26911.64161499389],"max_iter":1000.0,"relative_l_inf_dual_residual":[8.852212140589692e-5,7.725909899697022e-13],"objective_tol":1.0e-8,"termination_reason":["TERMINATION_REASON_OPTIMAL","TERMINATION_REASON_OPTIMAL"],"D2_condition_number":[1.0,13.324651958688595],"alpha":101.0,"initial_tol":0.001,"primal_objective":[26860.28652911714,26911.64161557734],"l_inf_primal_residual":[5.108483959486785,5.888221465966126e-9],"relative_optimality_gap":[0.000706926442984672,1.0839935622075588e-11],"D1_condition_number":[1.0,515.9568799081652],"last_iteration":1,"total_time":27.724807024002075,"l_inf_dual_residual":[0.00017704424281179385,1.5451819799394044e-12],"blackbox_time":[9.272850036621094,18.26330804824829],"candidate_type":"POINT_TYPE_AVERAGE_ITERATE"}