{"relative_l_inf_primal_residual":[0.011357884469271598,7.495780173708925e-6,7.495780173708925e-6],"instance":"/nfs/sloanlab007/projects/pdopt_proj/instances/lp/miplib2017/neos-5123665-limmat.mps.gz","time_sec_limit":600,"dual_objective":[651.6885848439745,652.4266031851662,652.4266031851662],"max_iter":1000.0,"relative_l_inf_dual_residual":[0.0012235295730203594,1.0362125052732743e-6,1.0362125052732743e-6],"objective_tol":1.0e-8,"termination_reason":["TERMINATION_REASON_OPTIMAL","TERMINATION_REASON_TIME_LIMIT","TERMINATION_REASON_TIME_LIMIT"],"D2_condition_number":[1.0,1.0,1.0],"alpha":1.01,"initial_tol":0.001,"primal_objective":[650.5285042455225,652.4274461993546,652.4274461993546],"l_inf_primal_residual":[0.03407365340781479,2.2487340521126775e-5,2.2487340521126775e-5],"relative_optimality_gap":[0.0008901668096314181,6.455653974299294e-7,6.455653974299294e-7],"D1_condition_number":[1.0,1.0,1.0],"last_iteration":2,"total_time":617.6624460220337,"l_inf_dual_residual":[0.0024470591460407187,2.0724250105465486e-6,2.0724250105465486e-6],"blackbox_time":[10.432346105575562,597.2465980052948,8.508538961410522],"candidate_type":"POINT_TYPE_AVERAGE_ITERATE"}