{"relative_l_inf_primal_residual":[0.0009119073895284715,1.5095243895448518e-12],"instance":"/nfs/sloanlab007/projects/pdopt_proj/instances/lp/miplib2017/neos-5102383-irwell.mps.gz","time_sec_limit":600,"dual_objective":[1738.0400693478566,1740.000000000949],"max_iter":1000.0,"relative_l_inf_dual_residual":[0.008236602327190238,1.1641532182693481e-10],"objective_tol":1.0e-8,"termination_reason":["TERMINATION_REASON_OPTIMAL","TERMINATION_REASON_OPTIMAL"],"D2_condition_number":[1.0,1.0],"alpha":11.0,"initial_tol":0.001,"primal_objective":[1740.7393191224055,1740.0000000031887],"l_inf_primal_residual":[0.08389547983661938,1.3887624383812636e-10],"relative_optimality_gap":[0.0007756956614814308,6.43387159756729e-13],"D1_condition_number":[1.0,1.0],"last_iteration":1,"total_time":7.333960056304932,"l_inf_dual_residual":[0.016473204654380475,2.3283064365386963e-10],"blackbox_time":[1.6230409145355225,5.292083978652954],"candidate_type":"POINT_TYPE_AVERAGE_ITERATE"}