{"relative_l_inf_primal_residual":[0.011357884469271598,2.3043048950436667e-11],"instance":"/nfs/sloanlab007/projects/pdopt_proj/instances/lp/miplib2017/neos-5123665-limmat.mps.gz","time_sec_limit":600,"dual_objective":[651.6885848439745,652.4274290072588],"max_iter":1000.0,"relative_l_inf_dual_residual":[0.0012235295730203594,2.557061298654259e-9],"objective_tol":1.0e-8,"termination_reason":["TERMINATION_REASON_OPTIMAL","TERMINATION_REASON_TIME_LIMIT"],"D2_condition_number":[1.0,3.4112669284831476],"alpha":101.0,"initial_tol":0.001,"primal_objective":[650.5285042455225,652.4274301233073],"l_inf_primal_residual":[0.03407365340781479,6.912914685131e-11],"relative_optimality_gap":[0.0008901668096314181,8.546497780823429e-10],"D1_condition_number":[1.0,3.4414389941892938],"last_iteration":1,"total_time":608.4922349452972,"l_inf_dual_residual":[0.0024470591460407187,5.114122597308518e-9],"blackbox_time":[10.320444822311401,597.3527348041534],"candidate_type":"POINT_TYPE_AVERAGE_ITERATE"}