{"relative_l_inf_primal_residual":[0.011357884469271598,2.065206154237368e-9],"instance":"/nfs/sloanlab007/projects/pdopt_proj/instances/lp/miplib2017/neos-5123665-limmat.mps.gz","time_sec_limit":600,"dual_objective":[651.6885848439745,652.4274298644477],"max_iter":1000.0,"relative_l_inf_dual_residual":[0.0012235295730203594,3.323185262195838e-10],"objective_tol":1.0e-8,"termination_reason":["TERMINATION_REASON_OPTIMAL","TERMINATION_REASON_TIME_LIMIT"],"D2_condition_number":[1.0,1.0],"alpha":1.1,"initial_tol":0.001,"primal_objective":[650.5285042455225,652.4274301222217],"l_inf_primal_residual":[0.03407365340781479,6.195618462712105e-9],"relative_optimality_gap":[0.0008901668096314181,1.973986531703642e-10],"D1_condition_number":[1.0,1.0],"last_iteration":1,"total_time":608.518728017807,"l_inf_dual_residual":[0.0024470591460407187,6.646370524391676e-10],"blackbox_time":[10.647193908691406,597.0516910552979],"candidate_type":"POINT_TYPE_AVERAGE_ITERATE"}