{"relative_l_inf_primal_residual":[0.019624731583184795,1.6390115190982138e-10],"instance":"/nfs/sloanlab007/projects/pdopt_proj/instances/lp/miplib2017/neos-5118851-kowhai.mps.gz","time_sec_limit":600,"dual_objective":[1135.4332812913276,1133.9999999997938],"max_iter":1000.0,"relative_l_inf_dual_residual":[0.0018778301250234396,2.6705222286849175e-12],"objective_tol":1.0e-8,"termination_reason":["TERMINATION_REASON_OPTIMAL","TERMINATION_REASON_OPTIMAL"],"D2_condition_number":[1.0,1.0],"alpha":11.0,"initial_tol":0.001,"primal_objective":[1134.862146539096,1133.999999994855],"l_inf_primal_residual":[0.05887419474955438,4.917034557294642e-10],"relative_optimality_gap":[0.0002514577122963954,2.1766344664231342e-12],"D1_condition_number":[1.0,1.0],"last_iteration":1,"total_time":23.80029606819153,"l_inf_dual_residual":[0.003755660250046879,5.341044457369835e-12],"blackbox_time":[8.732293844223022,14.040077924728394],"candidate_type":"POINT_TYPE_AVERAGE_ITERATE"}