{"relative_l_inf_primal_residual":[1.2013455052730457e-5,9.689219124001365e-16,6.459479416000911e-16,6.459479416000911e-16],"instance":"/nfs/sloanlab007/projects/pdopt_proj/instances/lp/miplib2017/neos-5129192-manaia.mps.gz","time_sec_limit":600,"dual_objective":[-0.00099435755381159,-1.0208685611706251e-8,-41.319063459904896,-41.319063459904896],"max_iter":1000.0,"relative_l_inf_dual_residual":[5.558493223381898e-12,5.79554138275451e-17,3.832338276495049e-8,3.832338276495049e-8],"objective_tol":1.0e-8,"termination_reason":["TERMINATION_REASON_OPTIMAL","TERMINATION_REASON_OPTIMAL","TERMINATION_REASON_TIME_LIMIT","TERMINATION_REASON_TIME_LIMIT"],"D2_condition_number":[1.0,1.0,1.0,1.5486307154501864],"alpha":1.01,"initial_tol":0.001,"primal_objective":[0.0,0.0,1.6200554245428507e-16,1.6200554245428507e-16],"l_inf_primal_residual":[0.00013214800558003503,1.0658141036401503e-14,7.105427357601002e-15,7.105427357601002e-15],"relative_optimality_gap":[0.0009933697890581118,1.020868550748899e-8,0.9763699874656383,0.9763699874656383],"D1_condition_number":[1.0,1.0,1.0,1.0],"last_iteration":3,"total_time":609.7257061004639,"l_inf_dual_residual":[1.141992432743811e-8,1.190693977086914e-13,7.873538989059078e-5,7.873538989059078e-5],"blackbox_time":[9.104511976242065,19.22797989845276,575.5935158729553,4.599868059158325],"candidate_type":"POINT_TYPE_AVERAGE_ITERATE"}