{"relative_l_inf_primal_residual":[0.011357884469271598,5.007606988331285e-8,5.007606988331285e-8],"instance":"/nfs/sloanlab007/projects/pdopt_proj/instances/lp/miplib2017/neos-5123665-limmat.mps.gz","time_sec_limit":600,"dual_objective":[651.6885848439745,652.4274299433359,652.4274299433359],"max_iter":1000.0,"relative_l_inf_dual_residual":[0.0012235295730203594,4.1186779581284965e-10,4.1186779581284965e-10],"objective_tol":1.0e-8,"termination_reason":["TERMINATION_REASON_OPTIMAL","TERMINATION_REASON_TIME_LIMIT","TERMINATION_REASON_TIME_LIMIT"],"D2_condition_number":[1.0,1.0,1.0],"alpha":11.0,"initial_tol":0.001,"primal_objective":[650.5285042455225,652.4274301499831,652.4274301499831],"l_inf_primal_residual":[0.03407365340781479,1.5022820964993855e-7,1.5022820964993855e-7],"relative_optimality_gap":[0.0008901668096314181,1.5824668345589444e-10,1.5824668345589444e-10],"D1_condition_number":[1.0,1.0,1.0],"last_iteration":2,"total_time":617.473974943161,"l_inf_dual_residual":[0.0024470591460407187,8.237355916256993e-10,8.237355916256993e-10],"blackbox_time":[10.356805086135864,597.2718229293823,8.372927904129028],"candidate_type":"POINT_TYPE_AVERAGE_ITERATE"}