{"relative_l_inf_primal_residual":[0.0009130773176053708,2.889435876710053e-11],"instance":"/nfs/sloanlab007/projects/pdopt_proj/instances/lp/miplib2017/neos-4321076-ruwer.mps.gz","time_sec_limit":600,"dual_objective":[1878.2934153081812,1880.5583333229918],"max_iter":1000.0,"relative_l_inf_dual_residual":[0.0012694490095000485,1.933872652658483e-11],"objective_tol":1.0e-8,"termination_reason":["TERMINATION_REASON_OPTIMAL","TERMINATION_REASON_OPTIMAL"],"D2_condition_number":[1.0,1.0],"alpha":1.1,"initial_tol":0.001,"primal_objective":[1881.9670760545782,1880.5583333017273],"l_inf_primal_residual":[0.07030695345561355,2.224865625066741e-9],"relative_optimality_gap":[0.0009767100031580025,5.652254504345262e-12],"D1_condition_number":[1.0,1.0],"last_iteration":1,"total_time":23.55241298675537,"l_inf_dual_residual":[0.002411953118050092,3.674358040051118e-11],"blackbox_time":[4.679100036621094,18.263712167739868],"candidate_type":"POINT_TYPE_AVERAGE_ITERATE"}