{"relative_l_inf_primal_residual":[0.021732068213555496,2.178280843188204e-6,2.178280843188204e-6],"instance":"/nfs/sloanlab007/projects/pdopt_proj/instances/lp/miplib2017/neos-4533806-waima.mps.gz","time_sec_limit":600,"dual_objective":[3060.1313392164616,3063.303785259337,3063.303785259337],"max_iter":1000.0,"relative_l_inf_dual_residual":[2.8170248325837206e-8,9.025317185360112e-13,9.025317185360112e-13],"objective_tol":1.0e-8,"termination_reason":["TERMINATION_REASON_OPTIMAL","TERMINATION_REASON_TIME_LIMIT","TERMINATION_REASON_TIME_LIMIT"],"D2_condition_number":[1.0,1.0,1.0],"alpha":1.01,"initial_tol":0.001,"primal_objective":[3065.3922702999125,3063.31900842961,3063.31900842961],"l_inf_primal_residual":[1.760297525297995,0.0001764407482982445,0.0001764407482982445],"relative_optimality_gap":[0.0008587139165315707,2.4843517275380084e-6,2.4843517275380084e-6],"D1_condition_number":[1.0,1.7779005005509751,1.7779005005509751],"last_iteration":2,"total_time":603.3546631336212,"l_inf_dual_residual":[0.00028170248325837206,9.025317185360112e-9,9.025317185360112e-9],"blackbox_time":[13.963139057159424,587.3610668182373,1.9087998867034912],"candidate_type":"POINT_TYPE_AVERAGE_ITERATE"}