{"relative_l_inf_primal_residual":[0.014409925045817009,2.4637477243535006e-11],"instance":"/nfs/sloanlab007/projects/pdopt_proj/instances/lp/miplib2017/neos-4972437-bojana.mps.gz","time_sec_limit":600,"dual_objective":[355.23201358870034,355.55712773196194],"max_iter":1000.0,"relative_l_inf_dual_residual":[0.0023483880473031296,2.456690974384133e-11],"objective_tol":1.0e-8,"termination_reason":["TERMINATION_REASON_OPTIMAL","TERMINATION_REASON_OPTIMAL"],"D2_condition_number":[1.0,1.0],"alpha":11.0,"initial_tol":0.001,"primal_objective":[354.7983889026254,355.5571277338514],"l_inf_primal_residual":[0.04322977513745103,7.391243173060502e-11],"relative_optimality_gap":[0.0006098539310774967,2.653331580474121e-12],"D1_condition_number":[1.0,1.0],"last_iteration":1,"total_time":44.08440899848938,"l_inf_dual_residual":[0.004696776094606259,4.913381948768266e-11],"blackbox_time":[4.6034111976623535,39.09485387802124],"candidate_type":"POINT_TYPE_AVERAGE_ITERATE"}