{
    "relative_l_inf_primal_residual": [
        0.0031872064460838592,
        7.692923346958036e-10
    ],
    "instance": "/nfs/sloanlab007/projects/pdopt_proj/instances/lp/miplib2017/neos-5049753-cuanza.mps.gz",
    "time_sec_limit": 600,
    "dual_objective": [
        464.8208693154816,
        464.0000000012908
    ],
    "max_iter": 1000.0,
    "relative_l_inf_dual_residual": [
        0.004280804830255013,
        1.481707483386174e-10
    ],
    "objective_tol": 1.0e-8,
    "termination_reason": [
        "TERMINATION_REASON_OPTIMAL",
        "TERMINATION_REASON_OPTIMAL"
    ],
    "D2_condition_number": [
        1.0,
        1.0
    ],
    "alpha": 1.01,
    "initial_tol": 0.001,
    "primal_objective": [
        464.6313710147033,
        464.0000000508112
    ],
    "l_inf_primal_residual": [
        0.009561619338251578,
        2.307877004087411e-9
    ],
    "relative_optimality_gap": [
        0.00020366257671761744,
        5.3305053706168505e-11
    ],
    "D1_condition_number": [
        1.0,
        1.0
    ],
    "last_iteration": 1,
    "total_time": 9.745174884796143,
    "l_inf_dual_residual": [
        0.008561609660510026,
        2.963414966772348e-10
    ],
    "blackbox_time": [
        3.572903871536255,
        5.624393939971924
    ],
    "candidate_type": "POINT_TYPE_AVERAGE_ITERATE"
}