{"relative_l_inf_primal_residual":[0.021732068213555496,8.96463248256236e-8,8.96463248256236e-8],"instance":"/nfs/sloanlab007/projects/pdopt_proj/instances/lp/miplib2017/neos-4533806-waima.mps.gz","time_sec_limit":600,"dual_objective":[3060.1313392164616,3063.2738759141034,3063.2738759141034],"max_iter":1000.0,"relative_l_inf_dual_residual":[2.8170248325837206e-8,1.0342364066742673e-12,1.0342364066742673e-12],"objective_tol":1.0e-8,"termination_reason":["TERMINATION_REASON_OPTIMAL","TERMINATION_REASON_TIME_LIMIT","TERMINATION_REASON_TIME_LIMIT"],"D2_condition_number":[1.0,1.0,1.0],"alpha":1.1,"initial_tol":0.001,"primal_objective":[3065.3922702999125,3063.3187667976927,3063.3187667976927],"l_inf_primal_residual":[1.760297525297995,7.2613523108755115e-6,7.2613523108755115e-6],"relative_optimality_gap":[0.0008587139165315707,7.326022829312274e-6,7.326022829312274e-6],"D1_condition_number":[1.0,1.936327277827795,1.9363272778277947],"last_iteration":2,"total_time":603.034029006958,"l_inf_dual_residual":[0.00028170248325837206,1.0342364066742674e-8,1.0342364066742674e-8],"blackbox_time":[13.380877017974854,588.0640919208527,1.4669930934906006],"candidate_type":"POINT_TYPE_AVERAGE_ITERATE"}