{"relative_l_inf_primal_residual":[4.6829776291446024e-5,2.7711166694643907e-13],"instance":"/nfs/sloanlab007/projects/pdopt_proj/instances/lp/miplib2017/neos-3322547-alsek.mps.gz","time_sec_limit":600,"dual_objective":[398.3864727603776,398.42666666086114],"max_iter":1000.0,"relative_l_inf_dual_residual":[0.0,0.0],"objective_tol":1.0e-8,"termination_reason":["TERMINATION_REASON_OPTIMAL","TERMINATION_REASON_OPTIMAL"],"D2_condition_number":[1.0,1.0],"alpha":1.1,"initial_tol":0.001,"primal_objective":[398.4279586153996,398.4266666666633],"l_inf_primal_residual":[9.365955258289205e-5,5.542233338928781e-13],"relative_optimality_gap":[5.1999379041591166e-5,7.2722367019270455e-12],"D1_condition_number":[1.0,1.0],"last_iteration":1,"total_time":15.701969146728516,"l_inf_dual_residual":[0.0,0.0],"blackbox_time":[6.3553760051727295,8.966234922409058],"candidate_type":"POINT_TYPE_AVERAGE_ITERATE"}