{"relative_l_inf_primal_residual":[0.007287423622663031,3.494430929433588e-14],"instance":"/nfs/sloanlab007/projects/pdopt_proj/instances/lp/miplib2017/neos-4647027-thurso.mps.gz","time_sec_limit":600,"dual_objective":[26822.336156685335,26911.64161503191],"max_iter":1000.0,"relative_l_inf_dual_residual":[8.852212140589692e-5,5.208845101122364e-13],"objective_tol":1.0e-8,"termination_reason":["TERMINATION_REASON_OPTIMAL","TERMINATION_REASON_OPTIMAL"],"D2_condition_number":[1.0,1.0],"alpha":1.1,"initial_tol":0.001,"primal_objective":[26860.28652911714,26911.64161555336],"l_inf_primal_residual":[5.108483959486785,2.4495960815329454e-11],"relative_optimality_gap":[0.000706926442984672,9.688000675839573e-12],"D1_condition_number":[1.0,5.619332355435463],"last_iteration":1,"total_time":24.592366933822632,"l_inf_dual_residual":[0.00017704424281179385,1.0417690202244728e-12],"blackbox_time":[9.242194890975952,15.16756296157837],"candidate_type":"POINT_TYPE_AVERAGE_ITERATE"}