{"relative_l_inf_primal_residual":[0.021732068213555496,1.7244842751806928e-5,1.7244842751806928e-5],"instance":"/nfs/sloanlab007/projects/pdopt_proj/instances/lp/miplib2017/neos-4533806-waima.mps.gz","time_sec_limit":600,"dual_objective":[3060.1313392164616,3063.315336082459,3063.315336082459],"max_iter":1000.0,"relative_l_inf_dual_residual":[2.8170248325837206e-8,3.539094147600771e-13,3.539094147600771e-13],"objective_tol":1.0e-8,"termination_reason":["TERMINATION_REASON_OPTIMAL","TERMINATION_REASON_TIME_LIMIT","TERMINATION_REASON_TIME_LIMIT"],"D2_condition_number":[1.0,1.0,1.0],"alpha":101.0,"initial_tol":0.001,"primal_objective":[3065.3922702999125,3063.318258637153,3063.318258637153],"l_inf_primal_residual":[1.760297525297995,0.0013968322628963611,0.0013968322628963611],"relative_optimality_gap":[0.0008587139165315707,4.769467118010867e-7,4.769467118010867e-7],"D1_condition_number":[1.0,177.7900500550975,177.79005005509754],"last_iteration":2,"total_time":603.3854579925537,"l_inf_dual_residual":[0.00028170248325837206,3.5390941476007714e-9,3.5390941476007714e-9],"blackbox_time":[13.346272945404053,588.4423909187317,1.476168155670166],"candidate_type":"POINT_TYPE_AVERAGE_ITERATE"}