{"relative_l_inf_primal_residual":[0.0014362844724718578,4.070564522636296e-11],"instance":"/nfs/sloanlab007/projects/pdopt_proj/instances/lp/miplib2017/neos-4647032-veleka.mps.gz","time_sec_limit":600,"dual_objective":[26485.20954708144,26587.9086990402],"max_iter":1000.0,"relative_l_inf_dual_residual":[0.00015427397392505255,9.20993661922883e-13],"objective_tol":1.0e-8,"termination_reason":["TERMINATION_REASON_OPTIMAL","TERMINATION_REASON_OPTIMAL"],"D2_condition_number":[1.0,1.0],"alpha":11.0,"initial_tol":0.001,"primal_objective":[26536.690468316814,26587.908699199557],"l_inf_primal_residual":[1.0068354152027723,2.8534657303680433e-8],"relative_optimality_gap":[0.0009709186261110817,2.9967574492549534e-12],"D1_condition_number":[1.0,11.075189567230495],"last_iteration":1,"total_time":44.643640995025635,"l_inf_dual_residual":[0.0003085479478501051,1.841987323845766e-12],"blackbox_time":[14.927160024642944,29.071351051330566],"candidate_type":"POINT_TYPE_AVERAGE_ITERATE"}