{"relative_l_inf_primal_residual":[1.2013455052730457e-5,6.459479416000911e-16,1.6148698540002277e-16,1.6148698540002277e-16],"instance":"/nfs/sloanlab007/projects/pdopt_proj/instances/lp/miplib2017/neos-5129192-manaia.mps.gz","time_sec_limit":600,"dual_objective":[-0.00099435755381159,-2.3110674522553005e-8,-3.940715479705107,-3.940715479705107],"max_iter":1000.0,"relative_l_inf_dual_residual":[5.558493223381898e-12,1.611936820313617e-17,3.67751509618098e-9,3.67751509618098e-9],"objective_tol":1.0e-8,"termination_reason":["TERMINATION_REASON_OPTIMAL","TERMINATION_REASON_OPTIMAL","TERMINATION_REASON_TIME_LIMIT","TERMINATION_REASON_TIME_LIMIT"],"D2_condition_number":[1.0,1.0,1.0,1.0],"alpha":1.1,"initial_tol":0.001,"primal_objective":[0.0,0.0,1.3050763637069904e-19,1.3050763637069904e-19],"l_inf_primal_residual":[0.00013214800558003503,7.105427357601002e-15,1.7763568394002505e-15,1.7763568394002505e-15],"relative_optimality_gap":[0.0009933697890581118,2.3110673988449743e-8,0.7976001645697506,0.7976001645697506],"D1_condition_number":[1.0,1.0,1.0,1.0],"last_iteration":3,"total_time":609.7216119766235,"l_inf_dual_residual":[1.141992432743811e-8,3.311724197334326e-14,7.555454765103823e-6,7.555454765103823e-6],"blackbox_time":[8.927644968032837,20.72690510749817,574.2153820991516,4.64266300201416],"candidate_type":"POINT_TYPE_AVERAGE_ITERATE"}