{"relative_l_inf_primal_residual":[0.007287423622663031,1.1744832400969769e-12],"instance":"/nfs/sloanlab007/projects/pdopt_proj/instances/lp/miplib2017/neos-4647027-thurso.mps.gz","time_sec_limit":600,"dual_objective":[26822.336156685335,26911.64161494321],"max_iter":1000.0,"relative_l_inf_dual_residual":[8.852212140589692e-5,6.080050606862772e-13],"objective_tol":1.0e-8,"termination_reason":["TERMINATION_REASON_OPTIMAL","TERMINATION_REASON_OPTIMAL"],"D2_condition_number":[1.0,1.4511997182730152],"alpha":11.0,"initial_tol":0.001,"primal_objective":[26860.28652911714,26911.641615550783],"l_inf_primal_residual":[5.108483959486785,8.233127513079808e-10],"relative_optimality_gap":[0.000706926442984672,1.1288056768223805e-11],"D1_condition_number":[1.0,56.19332355435463],"last_iteration":1,"total_time":23.322943925857544,"l_inf_dual_residual":[0.00017704424281179385,1.2160101213725544e-12],"blackbox_time":[9.211565971374512,13.92890191078186],"candidate_type":"POINT_TYPE_AVERAGE_ITERATE"}