{"relative_l_inf_primal_residual":[0.021732068213555496,1.2666563018264016e-6,1.2666563018264016e-6],"instance":"/nfs/sloanlab007/projects/pdopt_proj/instances/lp/miplib2017/neos-4533806-waima.mps.gz","time_sec_limit":600,"dual_objective":[3060.1313392164616,3063.312444747732,3063.312444747732],"max_iter":1000.0,"relative_l_inf_dual_residual":[2.8170248325837206e-8,9.108877933154555e-14,9.108877933154555e-14],"objective_tol":1.0e-8,"termination_reason":["TERMINATION_REASON_OPTIMAL","TERMINATION_REASON_TIME_LIMIT","TERMINATION_REASON_TIME_LIMIT"],"D2_condition_number":[1.0,1.0,1.0],"alpha":11.0,"initial_tol":0.001,"primal_objective":[3065.3922702999125,3063.314587131046,3063.314587131046],"l_inf_primal_residual":[1.760297525297995,0.00010259916044793853,0.00010259916044793853],"relative_optimality_gap":[0.0008587139165315707,3.4962691151870906e-7,3.4962691151870906e-7],"D1_condition_number":[1.0,19.363272778277945,19.363272778277945],"last_iteration":2,"total_time":603.424400806427,"l_inf_dual_residual":[0.00028170248325837206,9.108877933154555e-10,9.108877933154555e-10],"blackbox_time":[13.891040802001953,587.4821879863739,1.929253101348877],"candidate_type":"POINT_TYPE_AVERAGE_ITERATE"}