{"relative_l_inf_primal_residual":[0.000753075888093667,7.559429706370395e-13],"instance":"/nfs/sloanlab007/projects/pdopt_proj/instances/lp/miplib2017/neos-5079731-flyers.mps.gz","time_sec_limit":600,"dual_objective":[2002.9617743755473,2004.0000000235339],"max_iter":1000.0,"relative_l_inf_dual_residual":[0.013777372695715476,1.3096723705530167e-10],"objective_tol":1.0e-8,"termination_reason":["TERMINATION_REASON_OPTIMAL","TERMINATION_REASON_OPTIMAL"],"D2_condition_number":[1.0,1.0],"alpha":1.01,"initial_tol":0.001,"primal_objective":[2000.820610777363,2004.0000000578134],"l_inf_primal_residual":[0.13781288752114107,1.3833756362657823e-10],"relative_optimality_gap":[0.0005346516719915276,8.55064540537601e-12],"D1_condition_number":[1.0,1.0],"last_iteration":1,"total_time":7.3575599193573,"l_inf_dual_residual":[0.027554745391430952,2.6193447411060333e-10],"blackbox_time":[1.6338279247283936,5.661596059799194],"candidate_type":"POINT_TYPE_AVERAGE_ITERATE"}