{"relative_l_inf_primal_residual":[0.000753075888093667,1.3022673407153715e-13],"instance":"/nfs/sloanlab007/projects/pdopt_proj/instances/lp/miplib2017/neos-5079731-flyers.mps.gz","time_sec_limit":600,"dual_objective":[2002.9617743755473,2004.0000000002753],"max_iter":1000.0,"relative_l_inf_dual_residual":[0.013777372695715476,3.0813802898155274e-10],"objective_tol":1.0e-8,"termination_reason":["TERMINATION_REASON_OPTIMAL","TERMINATION_REASON_OPTIMAL"],"D2_condition_number":[1.0,1.0],"alpha":1.1,"initial_tol":0.001,"primal_objective":[2000.820610777363,2004.0000000007872],"l_inf_primal_residual":[0.13781288752114107,2.3831492335091298e-11],"relative_optimality_gap":[0.0005346516719915276,1.2766728446559735e-13],"D1_condition_number":[1.0,1.0],"last_iteration":1,"total_time":5.717571973800659,"l_inf_dual_residual":[0.027554745391430952,6.162760579631055e-10],"blackbox_time":[1.5495188236236572,4.106502056121826],"candidate_type":"POINT_TYPE_AVERAGE_ITERATE"}