{"relative_l_inf_primal_residual":[0.0009119073895284715,2.6203242474371504e-12],"instance":"/nfs/sloanlab007/projects/pdopt_proj/instances/lp/miplib2017/neos-5102383-irwell.mps.gz","time_sec_limit":600,"dual_objective":[1738.0400693478566,1740.0000000557125],"max_iter":1000.0,"relative_l_inf_dual_residual":[0.008236602327190238,1.3235959919234708e-10],"objective_tol":1.0e-8,"termination_reason":["TERMINATION_REASON_OPTIMAL","TERMINATION_REASON_OPTIMAL"],"D2_condition_number":[1.0,1.663793670092428],"alpha":101.0,"initial_tol":0.001,"primal_objective":[1740.7393191224055,1740.000000025872],"l_inf_primal_residual":[0.08389547983661938,2.4106983076421784e-10],"relative_optimality_gap":[0.0007756956614814308,8.572399070517208e-12],"D1_condition_number":[1.0,8.473443463498556],"last_iteration":1,"total_time":6.9811859130859375,"l_inf_dual_residual":[0.016473204654380475,2.6471919838469415e-10],"blackbox_time":[1.6496610641479492,5.050420045852661],"candidate_type":"POINT_TYPE_AVERAGE_ITERATE"}