{"relative_l_inf_primal_residual":[0.0009130773176053708,9.148099305495232e-12],"instance":"/nfs/sloanlab007/projects/pdopt_proj/instances/lp/miplib2017/neos-4321076-ruwer.mps.gz","time_sec_limit":600,"dual_objective":[1878.2934153081812,1880.5583333314582],"max_iter":1000.0,"relative_l_inf_dual_residual":[0.0012694490095000485,3.1592856985478076e-12],"objective_tol":1.0e-8,"termination_reason":["TERMINATION_REASON_OPTIMAL","TERMINATION_REASON_OPTIMAL"],"D2_condition_number":[1.0,2.1236959596857967],"alpha":11.0,"initial_tol":0.001,"primal_objective":[1881.9670760545782,1880.5583333294283],"l_inf_primal_residual":[0.07030695345561355,7.044036465231329e-10],"relative_optimality_gap":[0.0009767100031580025,5.395877784297744e-13],"D1_condition_number":[1.0,1.0],"last_iteration":1,"total_time":23.516473054885864,"l_inf_dual_residual":[0.002411953118050092,6.002642827240834e-12],"blackbox_time":[4.655620098114014,18.247262001037598],"candidate_type":"POINT_TYPE_AVERAGE_ITERATE"}