{
    "relative_l_inf_primal_residual": [
        0.0031872064460838592,
        2.4414692489926892e-11
    ],
    "instance": "/nfs/sloanlab007/projects/pdopt_proj/instances/lp/miplib2017/neos-5049753-cuanza.mps.gz",
    "time_sec_limit": 600,
    "dual_objective": [
        464.8208693154816,
        463.9999999999193
    ],
    "max_iter": 1000.0,
    "relative_l_inf_dual_residual": [
        0.004280804830255013,
        2.625658717208515e-11
    ],
    "objective_tol": 1.0e-8,
    "termination_reason": [
        "TERMINATION_REASON_OPTIMAL",
        "TERMINATION_REASON_OPTIMAL"
    ],
    "D2_condition_number": [
        1.0,
        1.0
    ],
    "alpha": 11.0,
    "initial_tol": 0.001,
    "primal_objective": [
        464.6313710147033,
        464.00000000012716
    ],
    "l_inf_primal_residual": [
        0.009561619338251578,
        7.324407746978068e-11
    ],
    "relative_optimality_gap": [
        0.00020366257671761744,
        2.2376359824969272e-13
    ],
    "D1_condition_number": [
        1.0,
        1.0
    ],
    "last_iteration": 1,
    "total_time": 9.740751028060913,
    "l_inf_dual_residual": [
        0.008561609660510026,
        5.25131743441703e-11
    ],
    "blackbox_time": [
        3.692715883255005,
        5.71404504776001
    ],
    "candidate_type": "POINT_TYPE_AVERAGE_ITERATE"
}