{"relative_l_inf_primal_residual":[0.0014362844724718578,7.852233113210679e-11],"instance":"/nfs/sloanlab007/projects/pdopt_proj/instances/lp/miplib2017/neos-4647032-veleka.mps.gz","time_sec_limit":600,"dual_objective":[26485.20954708144,26587.908699073367],"max_iter":1000.0,"relative_l_inf_dual_residual":[0.00015427397392505255,1.3221501598084141e-13],"objective_tol":1.0e-8,"termination_reason":["TERMINATION_REASON_OPTIMAL","TERMINATION_REASON_OPTIMAL"],"D2_condition_number":[1.0,1.0],"alpha":1.01,"initial_tol":0.001,"primal_objective":[26536.690468316814,26587.908699215368],"l_inf_primal_residual":[1.0068354152027723,5.504415412360686e-8],"relative_optimality_gap":[0.0009709186261110817,2.6703596364866417e-12],"D1_condition_number":[1.0,1.0169037693548],"last_iteration":1,"total_time":36.883270025253296,"l_inf_dual_residual":[0.0003085479478501051,2.6443003196168283e-13],"blackbox_time":[15.445972204208374,20.645751953125],"candidate_type":"POINT_TYPE_AVERAGE_ITERATE"}