{"relative_l_inf_primal_residual":[0.007287423622663031,2.513760320520754e-14],"instance":"/nfs/sloanlab007/projects/pdopt_proj/instances/lp/miplib2017/neos-4647027-thurso.mps.gz","time_sec_limit":600,"dual_objective":[26822.336156685335,26911.64161515665],"max_iter":1000.0,"relative_l_inf_dual_residual":[8.852212140589692e-5,3.871258104663419e-13],"objective_tol":1.0e-8,"termination_reason":["TERMINATION_REASON_OPTIMAL","TERMINATION_REASON_OPTIMAL"],"D2_condition_number":[1.0,1.0],"alpha":1.01,"initial_tol":0.001,"primal_objective":[26860.28652911714,26911.641615553643],"l_inf_primal_residual":[5.108483959486785,1.7621459846850485e-11],"relative_optimality_gap":[0.000706926442984672,7.375749633714987e-12],"D1_condition_number":[1.0,5.159568799081653],"last_iteration":1,"total_time":23.299448013305664,"l_inf_dual_residual":[0.00017704424281179385,7.742516209326838e-13],"blackbox_time":[9.182812929153442,13.926947116851807],"candidate_type":"POINT_TYPE_AVERAGE_ITERATE"}