{"relative_l_inf_primal_residual":[0.000753075888093667,2.360176413748491e-13],"instance":"/nfs/sloanlab007/projects/pdopt_proj/instances/lp/miplib2017/neos-5079731-flyers.mps.gz","time_sec_limit":600,"dual_objective":[2002.9617743755473,2003.9999999993197],"max_iter":1000.0,"relative_l_inf_dual_residual":[0.013777372695715476,7.87215915623086e-11],"objective_tol":1.0e-8,"termination_reason":["TERMINATION_REASON_OPTIMAL","TERMINATION_REASON_OPTIMAL"],"D2_condition_number":[1.0,2.783029284534526],"alpha":101.0,"initial_tol":0.001,"primal_objective":[2000.820610777363,2004.0000000009254],"l_inf_primal_residual":[0.13781288752114107,4.319122837159739e-11],"relative_optimality_gap":[0.0005346516719915276,4.0052703815914356e-13],"D1_condition_number":[1.0,13.919101639635247],"last_iteration":1,"total_time":5.906903982162476,"l_inf_dual_residual":[0.027554745391430952,1.574431831246172e-10],"blackbox_time":[1.6109950542449951,4.234896898269653],"candidate_type":"POINT_TYPE_AVERAGE_ITERATE"}