{"relative_l_inf_primal_residual":[0.0014362844724718578,3.219745852086878e-11],"instance":"/nfs/sloanlab007/projects/pdopt_proj/instances/lp/miplib2017/neos-4647032-veleka.mps.gz","time_sec_limit":600,"dual_objective":[26485.20954708144,26587.90869918365],"max_iter":1000.0,"relative_l_inf_dual_residual":[0.00015427397392505255,1.6962923511036447e-12],"objective_tol":1.0e-8,"termination_reason":["TERMINATION_REASON_OPTIMAL","TERMINATION_REASON_OPTIMAL"],"D2_condition_number":[1.0,1.0],"alpha":1.1,"initial_tol":0.001,"primal_objective":[26536.690468316814,26587.90869919486],"l_inf_primal_residual":[1.0068354152027723,2.2570418423129013e-8],"relative_optimality_gap":[0.0009709186261110817,2.1084847179663196e-13],"D1_condition_number":[1.0,1.1075189567230497],"last_iteration":1,"total_time":35.0910530090332,"l_inf_dual_residual":[0.0003085479478501051,3.3925847022072894e-12],"blackbox_time":[14.950774192810059,19.9492928981781],"candidate_type":"POINT_TYPE_AVERAGE_ITERATE"}