{"relative_l_inf_primal_residual":[0.0009130773176053708,6.036549615152119e-11],"instance":"/nfs/sloanlab007/projects/pdopt_proj/instances/lp/miplib2017/neos-4321076-ruwer.mps.gz","time_sec_limit":600,"dual_objective":[1878.2934153081812,1880.5583333332181],"max_iter":1000.0,"relative_l_inf_dual_residual":[0.0012694490095000485,9.765098086869797e-12],"objective_tol":1.0e-8,"termination_reason":["TERMINATION_REASON_OPTIMAL","TERMINATION_REASON_OPTIMAL"],"D2_condition_number":[1.0,19.49939017529686],"alpha":101.0,"initial_tol":0.001,"primal_objective":[1881.9670760545782,1880.5583333786317],"l_inf_primal_residual":[0.07030695345561355,4.648143203667132e-9],"relative_optimality_gap":[0.0009767100031580025,1.2071282098129183e-11],"D1_condition_number":[1.0,7.101002299016969],"last_iteration":1,"total_time":29.115180015563965,"l_inf_dual_residual":[0.002411953118050092,1.8553686365052613e-11],"blackbox_time":[4.6839439868927,23.820882081985474],"candidate_type":"POINT_TYPE_AVERAGE_ITERATE"}