{"relative_l_inf_primal_residual":[0.014409925045817009,1.613177739538211e-10],"instance":"/nfs/sloanlab007/projects/pdopt_proj/instances/lp/miplib2017/neos-4972437-bojana.mps.gz","time_sec_limit":600,"dual_objective":[355.23201358870034,355.5571277828663],"max_iter":1000.0,"relative_l_inf_dual_residual":[0.0023483880473031296,1.549398180692189e-10],"objective_tol":1.0e-8,"termination_reason":["TERMINATION_REASON_OPTIMAL","TERMINATION_REASON_OPTIMAL"],"D2_condition_number":[1.0,1.0],"alpha":1.01,"initial_tol":0.001,"primal_objective":[354.7983889026254,355.55712773592086],"l_inf_primal_residual":[0.04322977513745103,4.839533218614633e-10],"relative_optimality_gap":[0.0006098539310774967,6.592403466299318e-11],"D1_condition_number":[1.0,1.0],"last_iteration":1,"total_time":39.89299201965332,"l_inf_dual_residual":[0.004696776094606259,3.098796361384378e-10],"blackbox_time":[4.5499420166015625,34.9553701877594],"candidate_type":"POINT_TYPE_AVERAGE_ITERATE"}