{"relative_l_inf_primal_residual":[0.019624731583184795,2.1255885940263397e-11],"instance":"/nfs/sloanlab007/projects/pdopt_proj/instances/lp/miplib2017/neos-5118851-kowhai.mps.gz","time_sec_limit":600,"dual_objective":[1135.4332812913276,1133.9999999999243],"max_iter":1000.0,"relative_l_inf_dual_residual":[0.0018778301250234396,3.7827174065797924e-13],"objective_tol":1.0e-8,"termination_reason":["TERMINATION_REASON_OPTIMAL","TERMINATION_REASON_OPTIMAL"],"D2_condition_number":[1.0,4.8720663587151405],"alpha":101.0,"initial_tol":0.001,"primal_objective":[1134.862146539096,1134.0000000007456],"l_inf_primal_residual":[0.05887419474955438,6.376765782079019e-11],"relative_optimality_gap":[0.0002514577122963954,3.6195403953314754e-13],"D1_condition_number":[1.0,5.946293669704993],"last_iteration":1,"total_time":23.51403021812439,"l_inf_dual_residual":[0.003755660250046879,7.565434813159585e-13],"blackbox_time":[8.82370901107788,13.661429166793823],"candidate_type":"POINT_TYPE_AVERAGE_ITERATE"}