{"relative_l_inf_primal_residual":[0.0009119073895284715,5.48144621480224e-12],"instance":"/nfs/sloanlab007/projects/pdopt_proj/instances/lp/miplib2017/neos-5102383-irwell.mps.gz","time_sec_limit":600,"dual_objective":[1738.0400693478566,1740.0000001553624],"max_iter":1000.0,"relative_l_inf_dual_residual":[0.008236602327190238,3.1275047634136965e-10],"objective_tol":1.0e-8,"termination_reason":["TERMINATION_REASON_OPTIMAL","TERMINATION_REASON_OPTIMAL"],"D2_condition_number":[1.0,1.0],"alpha":1.1,"initial_tol":0.001,"primal_objective":[1740.7393191224055,1740.0000000510033],"l_inf_primal_residual":[0.08389547983661938,5.042930517618061e-10],"relative_optimality_gap":[0.0007756956614814308,2.997962081414712e-11],"D1_condition_number":[1.0,1.0],"last_iteration":1,"total_time":7.219263076782227,"l_inf_dual_residual":[0.016473204654380475,6.255009526827393e-10],"blackbox_time":[1.7638461589813232,5.173670053482056],"candidate_type":"POINT_TYPE_AVERAGE_ITERATE"}