{"relative_l_inf_primal_residual":[0.000753075888093667,6.6039283938117225e-12],"instance":"/nfs/sloanlab007/projects/pdopt_proj/instances/lp/miplib2017/neos-5079731-flyers.mps.gz","time_sec_limit":600,"dual_objective":[2002.9617743755473,2003.999999999946],"max_iter":1000.0,"relative_l_inf_dual_residual":[0.013777372695715476,4.3655745685100555e-11],"objective_tol":1.0e-8,"termination_reason":["TERMINATION_REASON_OPTIMAL","TERMINATION_REASON_OPTIMAL"],"D2_condition_number":[1.0,1.0],"alpha":11.0,"initial_tol":0.001,"primal_objective":[2000.820610777363,2004.0000000005061],"l_inf_primal_residual":[0.13781288752114107,1.2085188960675453e-9],"relative_optimality_gap":[0.0005346516719915276,1.3969103582355135e-13],"D1_condition_number":[1.0,1.5159417627325518],"last_iteration":1,"total_time":6.56598687171936,"l_inf_dual_residual":[0.027554745391430952,8.731149137020111e-11],"blackbox_time":[1.6748778820037842,4.828083038330078],"candidate_type":"POINT_TYPE_AVERAGE_ITERATE"}