{"relative_l_inf_primal_residual":[0.0014362844724718578,3.2014197284598554e-11],"instance":"/nfs/sloanlab007/projects/pdopt_proj/instances/lp/miplib2017/neos-4647032-veleka.mps.gz","time_sec_limit":600,"dual_objective":[26485.20954708144,26587.908699036765],"max_iter":1000.0,"relative_l_inf_dual_residual":[0.00015427397392505255,9.523438793482015e-13],"objective_tol":1.0e-8,"termination_reason":["TERMINATION_REASON_OPTIMAL","TERMINATION_REASON_OPTIMAL"],"D2_condition_number":[1.0,2.627859987505605],"alpha":101.0,"initial_tol":0.001,"primal_objective":[26536.690468316814,26587.908699199565],"l_inf_primal_residual":[1.0068354152027723,2.2441952296503587e-8],"relative_optimality_gap":[0.0009709186261110817,3.061476026257141e-12],"D1_condition_number":[1.0,101.69037693548],"last_iteration":1,"total_time":58.91058397293091,"l_inf_dual_residual":[0.0003085479478501051,1.904687758696403e-12],"blackbox_time":[14.908361911773682,43.35661506652832],"candidate_type":"POINT_TYPE_AVERAGE_ITERATE"}