{"relative_l_inf_primal_residual":[4.6829776291446024e-5,6.536993168992922e-13],"instance":"/nfs/sloanlab007/projects/pdopt_proj/instances/lp/miplib2017/neos-3322547-alsek.mps.gz","time_sec_limit":600,"dual_objective":[398.3864727603776,398.42666666218724],"max_iter":1000.0,"relative_l_inf_dual_residual":[0.0,0.0],"objective_tol":1.0e-8,"termination_reason":["TERMINATION_REASON_OPTIMAL","TERMINATION_REASON_OPTIMAL"],"D2_condition_number":[1.0,1.0],"alpha":1.01,"initial_tol":0.001,"primal_objective":[398.4279586153996,398.42666666665315],"l_inf_primal_residual":[9.365955258289205e-5,1.3073986337985843e-12],"relative_optimality_gap":[5.1999379041591166e-5,5.597398690015539e-12],"D1_condition_number":[1.0,1.0],"last_iteration":1,"total_time":15.147902965545654,"l_inf_dual_residual":[0.0,0.0],"blackbox_time":[6.5952301025390625,8.168703079223633],"candidate_type":"POINT_TYPE_AVERAGE_ITERATE"}