{"relative_l_inf_primal_residual":[0.014409925045817009,1.9658349022696106e-12],"instance":"/nfs/sloanlab007/projects/pdopt_proj/instances/lp/miplib2017/neos-4972437-bojana.mps.gz","time_sec_limit":600,"dual_objective":[355.23201358870034,355.55712773502256],"max_iter":1000.0,"relative_l_inf_dual_residual":[0.0023483880473031296,1.9280464310061744e-11],"objective_tol":1.0e-8,"termination_reason":["TERMINATION_REASON_OPTIMAL","TERMINATION_REASON_OPTIMAL"],"D2_condition_number":[1.0,1.0],"alpha":1.1,"initial_tol":0.001,"primal_objective":[354.7983889026254,355.5571277343217],"l_inf_primal_residual":[0.04322977513745103,5.8975047068088315e-12],"relative_optimality_gap":[0.0006098539310774967,9.842231765067297e-13],"D1_condition_number":[1.0,1.0],"last_iteration":1,"total_time":37.85027599334717,"l_inf_dual_residual":[0.004696776094606259,3.856092862012349e-11],"blackbox_time":[4.544696807861328,32.91779899597168],"candidate_type":"POINT_TYPE_AVERAGE_ITERATE"}