{
    "relative_l_inf_primal_residual": [
        0.0007628913428707647,
        1.660830294024705e-12
    ],
    "instance": "/nfs/sloanlab007/projects/pdopt_proj/instances/lp/miplib2017/neos-4647030-tutaki.mps.gz",
    "time_sec_limit": 600,
    "dual_objective": [
        26889.57610110498,
        26911.641615545246
    ],
    "max_iter": 1000.0,
    "relative_l_inf_dual_residual": [
        1.5988521958676577e-5,
        1.9931611902937983e-14
    ],
    "objective_tol": 1.0e-8,
    "termination_reason": [
        "TERMINATION_REASON_OPTIMAL",
        "TERMINATION_REASON_OPTIMAL"
    ],
    "D2_condition_number": [
        1.0,
        3.415171097994702
    ],
    "alpha": 101.0,
    "initial_tol": 0.001,
    "primal_objective": [
        26902.171803014015,
        26911.64161555701
    ],
    "l_inf_primal_residual": [
        0.534786831352406,
        1.1642420361113182e-9
    ],
    "relative_optimality_gap": [
        0.0002341524164462737,
        2.1858578983056643e-13
    ],
    "D1_condition_number": [
        1.0,
        54.01346996659301
    ],
    "last_iteration": 1,
    "total_time": 36.34108209609985,
    "l_inf_dual_residual": [
        3.1977043917353155e-5,
        3.9863223805875966e-14
    ],
    "blackbox_time": [
        17.022950172424316,
        18.59740900993347
    ],
    "candidate_type": "POINT_TYPE_AVERAGE_ITERATE"
}