{"relative_l_inf_primal_residual":[1.2013455052730457e-5,9.85070610940139e-15,4.844609562000683e-16,4.844609562000683e-16],"instance":"/nfs/sloanlab007/projects/pdopt_proj/instances/lp/miplib2017/neos-5129192-manaia.mps.gz","time_sec_limit":600,"dual_objective":[-0.00099435755381159,-1.3314167811061039e-8,-197.5493899448073,-197.5493899448073],"max_iter":1000.0,"relative_l_inf_dual_residual":[5.558493223381898e-12,1.8264615833200963e-17,1.8437872875330717e-7,1.8437872875330717e-7],"objective_tol":1.0e-8,"termination_reason":["TERMINATION_REASON_OPTIMAL","TERMINATION_REASON_OPTIMAL","TERMINATION_REASON_TIME_LIMIT","TERMINATION_REASON_TIME_LIMIT"],"D2_condition_number":[1.0,1.0,1.0,9518.778543191886],"alpha":11.0,"initial_tol":0.001,"primal_objective":[0.0,0.0,2.2605384887036568e-17,2.2605384887036568e-17],"l_inf_primal_residual":[0.00013214800558003503,1.0835776720341528e-13,5.329070518200751e-15,5.329070518200751e-15],"relative_optimality_gap":[0.0009933697890581118,1.3314167633793977e-8,0.9949634697931936,0.9949634697931936],"D1_condition_number":[1.0,1.0,1.0,1.0],"last_iteration":3,"total_time":609.6593790054321,"l_inf_dual_residual":[1.141992432743811e-8,3.752465322931138e-14,0.00037880609822366957,0.00037880609822366957],"blackbox_time":[8.883174896240234,24.508769989013672,570.5166041851044,4.545539855957031],"candidate_type":"POINT_TYPE_AVERAGE_ITERATE"}