{"relative_l_inf_primal_residual":[0.014409925045817009,8.509252561831697e-11],"instance":"/nfs/sloanlab007/projects/pdopt_proj/instances/lp/miplib2017/neos-4972437-bojana.mps.gz","time_sec_limit":600,"dual_objective":[355.23201358870034,355.5571277487288],"max_iter":1000.0,"relative_l_inf_dual_residual":[0.0023483880473031296,1.8937852155865523e-10],"objective_tol":1.0e-8,"termination_reason":["TERMINATION_REASON_OPTIMAL","TERMINATION_REASON_OPTIMAL"],"D2_condition_number":[1.0,3.6428419884887413],"alpha":101.0,"initial_tol":0.001,"primal_objective":[354.7983889026254,355.55712773236553],"l_inf_primal_residual":[0.04322977513745103,2.552775768549509e-10],"relative_optimality_gap":[0.0006098539310774967,2.297845814465623e-11],"D1_condition_number":[1.0,4.366207288882554],"last_iteration":1,"total_time":36.2162070274353,"l_inf_dual_residual":[0.004696776094606259,3.7875704311731047e-10],"blackbox_time":[4.736629962921143,31.09548592567444],"candidate_type":"POINT_TYPE_AVERAGE_ITERATE"}