{"relative_l_inf_primal_residual":[0.019624731583184795,1.9723224905140077e-10],"instance":"/nfs/sloanlab007/projects/pdopt_proj/instances/lp/miplib2017/neos-5118851-kowhai.mps.gz","time_sec_limit":600,"dual_objective":[1135.4332812913276,1133.9999999995675],"max_iter":1000.0,"relative_l_inf_dual_residual":[0.0018778301250234396,6.157282222372285e-12],"objective_tol":1.0e-8,"termination_reason":["TERMINATION_REASON_OPTIMAL","TERMINATION_REASON_OPTIMAL"],"D2_condition_number":[1.0,1.0],"alpha":1.01,"initial_tol":0.001,"primal_objective":[1134.862146539096,1133.9999999951492],"l_inf_primal_residual":[0.05887419474955438,5.916967471542023e-10],"relative_optimality_gap":[0.0002514577122963954,1.9472566157880886e-12],"D1_condition_number":[1.0,1.0],"last_iteration":1,"total_time":23.230664014816284,"l_inf_dual_residual":[0.003755660250046879,1.231456444474457e-11],"blackbox_time":[8.862210988998413,13.346135139465332],"candidate_type":"POINT_TYPE_AVERAGE_ITERATE"}