{"relative_l_inf_primal_residual":[0.0009130773176053708,3.188638963259215e-11],"instance":"/nfs/sloanlab007/projects/pdopt_proj/instances/lp/miplib2017/neos-4321076-ruwer.mps.gz","time_sec_limit":600,"dual_objective":[1878.2934153081812,1880.5583333233292],"max_iter":1000.0,"relative_l_inf_dual_residual":[0.0012694490095000485,2.1253452214527838e-11],"objective_tol":1.0e-8,"termination_reason":["TERMINATION_REASON_OPTIMAL","TERMINATION_REASON_OPTIMAL"],"D2_condition_number":[1.0,1.0],"alpha":1.01,"initial_tol":0.001,"primal_objective":[1881.9670760545782,1880.5583333668287],"l_inf_primal_residual":[0.07030695345561355,2.4552520017095958e-9],"relative_optimality_gap":[0.0009767100031580025,1.1562517546363377e-11],"D1_condition_number":[1.0,1.0],"last_iteration":1,"total_time":28.87669610977173,"l_inf_dual_residual":[0.002411953118050092,4.038155920760289e-11],"blackbox_time":[4.57230806350708,23.69416379928589],"candidate_type":"POINT_TYPE_AVERAGE_ITERATE"}