{"relative_l_inf_primal_residual":[1.2013455052730457e-5,1.6148698540002277e-16,8.074349270001139e-17,8.074349270001139e-17],"instance":"/nfs/sloanlab007/projects/pdopt_proj/instances/lp/miplib2017/neos-5129192-manaia.mps.gz","time_sec_limit":600,"dual_objective":[-0.00099435755381159,-4.8381701779355455e-8,-15322.084124516532,-15322.084124516532],"max_iter":1000.0,"relative_l_inf_dual_residual":[5.558493223381898e-12,9.374473589854122e-17,1.4708595264362327e-5,1.4708595264362327e-5],"objective_tol":1.0e-8,"termination_reason":["TERMINATION_REASON_OPTIMAL","TERMINATION_REASON_OPTIMAL","TERMINATION_REASON_TIME_LIMIT","TERMINATION_REASON_TIME_LIMIT"],"D2_condition_number":[1.0,1.0,1.0,129825.58478116445],"alpha":101.0,"initial_tol":0.001,"primal_objective":[0.0,0.0,8.58715147051884e-15,8.58715147051884e-15],"l_inf_primal_residual":[0.00013214800558003503,1.7763568394002505e-15,8.881784197001252e-16,8.881784197001252e-16],"relative_optimality_gap":[0.0009933697890581118,4.8381699438566505e-8,0.9999347389864942,0.9999347389864942],"D1_condition_number":[1.0,1.0,1.0,1.0],"last_iteration":3,"total_time":609.729031085968,"l_inf_dual_residual":[1.141992432743811e-8,1.9259855990355295e-13,0.0302188089706324,0.0302188089706324],"blackbox_time":[8.894844055175781,20.751243114471436,574.2708950042725,4.610177040100098],"candidate_type":"POINT_TYPE_AVERAGE_ITERATE"}