{"relative_l_inf_primal_residual":[0.019624731583184795,5.106229513292723e-10],"instance":"/nfs/sloanlab007/projects/pdopt_proj/instances/lp/miplib2017/neos-5118851-kowhai.mps.gz","time_sec_limit":600,"dual_objective":[1135.4332812913276,1133.9999999956221],"max_iter":1000.0,"relative_l_inf_dual_residual":[0.0018778301250234396,6.620717378800489e-11],"objective_tol":1.0e-8,"termination_reason":["TERMINATION_REASON_OPTIMAL","TERMINATION_REASON_OPTIMAL"],"D2_condition_number":[1.0,1.0],"alpha":1.1,"initial_tol":0.001,"primal_objective":[1134.862146539096,1133.9999999870345],"l_inf_primal_residual":[0.05887419474955438,1.5318688539878167e-9],"relative_optimality_gap":[0.0002514577122963954,3.78478463987707e-12],"D1_condition_number":[1.0,1.0],"last_iteration":1,"total_time":23.814265966415405,"l_inf_dual_residual":[0.003755660250046879,1.3241434757600977e-10],"blackbox_time":[8.731936931610107,14.060143947601318],"candidate_type":"POINT_TYPE_AVERAGE_ITERATE"}