{"relative_l_inf_primal_residual":[0.0009119073895284715,9.198197759019422e-14],"instance":"/nfs/sloanlab007/projects/pdopt_proj/instances/lp/miplib2017/neos-5102383-irwell.mps.gz","time_sec_limit":600,"dual_objective":[1738.0400693478566,1740.0000001237338],"max_iter":1000.0,"relative_l_inf_dual_residual":[0.008236602327190238,2.158036540265973e-10],"objective_tol":1.0e-8,"termination_reason":["TERMINATION_REASON_OPTIMAL","TERMINATION_REASON_OPTIMAL"],"D2_condition_number":[1.0,1.0],"alpha":1.01,"initial_tol":0.001,"primal_objective":[1740.7393191224055,1739.9999999977856],"l_inf_primal_residual":[0.08389547983661938,8.462341938297868e-12],"relative_optimality_gap":[0.0007756956614814308,3.618161176075007e-11],"D1_condition_number":[1.0,1.0],"last_iteration":1,"total_time":7.728892087936401,"l_inf_dual_residual":[0.016473204654380475,4.316073080531946e-10],"blackbox_time":[1.705265998840332,5.956013917922974],"candidate_type":"POINT_TYPE_AVERAGE_ITERATE"}