{"relative_l_inf_primal_residual":[0.000878170089778582,1.25698639303841e-10],"instance":"/nfs/sloanlab007/projects/pdopt_proj/instances/lp/miplib2017/ns1644855.mps.gz","time_sec_limit":600,"dual_objective":[-1523.6084412010682,-1524.3333333332741],"max_iter":1000.0,"relative_l_inf_dual_residual":[0.0164008176104829,3.39422934203526e-13],"objective_tol":1.0e-8,"termination_reason":["TERMINATION_REASON_OPTIMAL","TERMINATION_REASON_OPTIMAL"],"D2_condition_number":[1.0,1.0],"alpha":1.01,"initial_tol":0.001,"primal_objective":[-1523.1997958458617,-1524.3333333301389],"l_inf_primal_residual":[0.01844157188535022,2.639671425380661e-9],"relative_optimality_gap":[0.0001340784338854888,1.0280650160750046e-12],"D1_condition_number":[1.0,1.0],"last_iteration":1,"total_time":30.352319955825806,"l_inf_dual_residual":[0.0328016352209658,6.78845868407052e-13],"blackbox_time":[6.948243856430054,22.91358208656311],"candidate_type":"POINT_TYPE_AVERAGE_ITERATE"}