{"relative_l_inf_primal_residual":[0.000878170089778582,3.4088580656137624e-11],"instance":"/nfs/sloanlab007/projects/pdopt_proj/instances/lp/miplib2017/ns1644855.mps.gz","time_sec_limit":600,"dual_objective":[-1523.6084412010682,-1524.333333333343],"max_iter":1000.0,"relative_l_inf_dual_residual":[0.0164008176104829,3.7594927171369363e-13],"objective_tol":1.0e-8,"termination_reason":["TERMINATION_REASON_OPTIMAL","TERMINATION_REASON_OPTIMAL"],"D2_condition_number":[1.0,3.3129651573175454],"alpha":101.0,"initial_tol":0.001,"primal_objective":[-1523.1997958458617,-1524.3333333324156],"l_inf_primal_residual":[0.01844157188535022,7.158601937788901e-10],"relative_optimality_gap":[0.0001340784338854888,3.0411757201876265e-13],"D1_condition_number":[1.0,1.8625987604203722],"last_iteration":1,"total_time":32.13168215751648,"l_inf_dual_residual":[0.0328016352209658,7.518985434273873e-13],"blackbox_time":[6.9495439529418945,24.693739891052246],"candidate_type":"POINT_TYPE_AVERAGE_ITERATE"}