{"relative_l_inf_primal_residual":[0.000878170089778582,5.3093538931282645e-11],"instance":"/nfs/sloanlab007/projects/pdopt_proj/instances/lp/miplib2017/ns1644855.mps.gz","time_sec_limit":600,"dual_objective":[-1523.6084412010682,-1524.3333333333292],"max_iter":1000.0,"relative_l_inf_dual_residual":[0.0164008176104829,1.9662049766111522e-13],"objective_tol":1.0e-8,"termination_reason":["TERMINATION_REASON_OPTIMAL","TERMINATION_REASON_OPTIMAL"],"D2_condition_number":[1.0,1.0],"alpha":11.0,"initial_tol":0.001,"primal_objective":[-1523.1997958458617,-1524.3333333347205],"l_inf_primal_residual":[0.01844157188535022,1.1149643175569356e-9],"relative_optimality_gap":[0.0001340784338854888,4.56213636474972e-13],"D1_condition_number":[1.0,1.0],"last_iteration":1,"total_time":35.33195400238037,"l_inf_dual_residual":[0.0328016352209658,3.9324099532223045e-13],"blackbox_time":[7.1493401527404785,28.07524585723877],"candidate_type":"POINT_TYPE_AVERAGE_ITERATE"}