{"relative_l_inf_primal_residual":[0.000878170089778582,2.4828955386477284e-10],"instance":"/nfs/sloanlab007/projects/pdopt_proj/instances/lp/miplib2017/ns1644855.mps.gz","time_sec_limit":600,"dual_objective":[-1523.6084412010682,-1524.3333333339522],"max_iter":1000.0,"relative_l_inf_dual_residual":[0.0164008176104829,2.0469459460770167e-12],"objective_tol":1.0e-8,"termination_reason":["TERMINATION_REASON_OPTIMAL","TERMINATION_REASON_OPTIMAL"],"D2_condition_number":[1.0,1.0],"alpha":1.1,"initial_tol":0.001,"primal_objective":[-1523.1997958458617,-1524.3333333268965],"l_inf_primal_residual":[0.01844157188535022,5.21408063116023e-9],"relative_optimality_gap":[0.0001340784338854888,2.313574988313169e-12],"D1_condition_number":[1.0,1.0],"last_iteration":1,"total_time":36.06085515022278,"l_inf_dual_residual":[0.0328016352209658,4.0938918921540335e-12],"blackbox_time":[6.859471082687378,28.70777988433838],"candidate_type":"POINT_TYPE_AVERAGE_ITERATE"}