{
    "relative_l_inf_primal_residual": [
        0.0003864350364835853,
        0.0003864350364835853
    ],
    "instance": "/nfs/sloanlab007/projects/pdopt_proj/instances/lp/miplib2017/physiciansched3-3.mps.gz",
    "time_sec_limit": 600,
    "dual_objective": [
        5.631333007690358e7,
        5.631333007690358e7
    ],
    "max_iter": 1000.0,
    "relative_l_inf_dual_residual": [
        6.415073455284721,
        6.415073455284721
    ],
    "objective_tol": 1.0e-8,
    "termination_reason": [
        "TERMINATION_REASON_TIME_LIMIT",
        "TERMINATION_REASON_TIME_LIMIT"
    ],
    "D2_condition_number": [
        1.0,
        8.694303302484905e6
    ],
    "alpha": 1.1,
    "initial_tol": 0.001,
    "primal_objective": [
        2.4635247333211494e6,
        2.4635247333211494e6
    ],
    "l_inf_primal_residual": [
        2.3166780437190937,
        2.3166780437190937
    ],
    "relative_optimality_gap": [
        0.9161736299309634,
        0.9161736299309634
    ],
    "D1_condition_number": [
        1.0,
        2.548345848091003
    ],
    "last_iteration": 1,
    "total_time": 605.9213199615479,
    "l_inf_dual_residual": [
        12.830146910569441,
        12.830146910569441
    ],
    "blackbox_time": [
        602.7559399604797,
        2.6521852016448975
    ],
    "candidate_type": "POINT_TYPE_AVERAGE_ITERATE"
}