{"relative_l_inf_primal_residual":[0.0003861046386907513,0.0003861046386907513],"instance":"/nfs/sloanlab007/projects/pdopt_proj/instances/lp/miplib2017/physiciansched3-3.mps.gz","time_sec_limit":600,"dual_objective":[5.6283530477381885e7,5.6283530477381885e7],"max_iter":1000.0,"relative_l_inf_dual_residual":[6.410963077352389,6.410963077352389],"objective_tol":1.0e-8,"termination_reason":["TERMINATION_REASON_TIME_LIMIT","TERMINATION_REASON_TIME_LIMIT"],"D2_condition_number":[1.0,8.694364257122165e7],"alpha":11.0,"initial_tol":0.001,"primal_objective":[2.463620391546604e6,2.463620391546604e6],"l_inf_primal_residual":[2.314697308951054,2.314697308951054],"relative_optimality_gap":[0.9161279887391571,0.9161279887391571],"D1_condition_number":[1.0,25.461670398461592],"last_iteration":1,"total_time":605.9793848991394,"l_inf_dual_residual":[12.821926154704778,12.821926154704778],"blackbox_time":[602.6759328842163,3.0173139572143555],"candidate_type":"POINT_TYPE_AVERAGE_ITERATE"}