{"relative_l_inf_primal_residual":[0.0003855161863330591,0.0003855161863330591],"instance":"/nfs/sloanlab007/projects/pdopt_proj/instances/lp/miplib2017/physiciansched3-3.mps.gz","time_sec_limit":600,"dual_objective":[5.623756143641955e7,5.623756143641955e7],"max_iter":1000.0,"relative_l_inf_dual_residual":[6.404440626669896,6.404440626669896],"objective_tol":1.0e-8,"termination_reason":["TERMINATION_REASON_TIME_LIMIT","TERMINATION_REASON_TIME_LIMIT"],"D2_condition_number":[1.0,7.983144528103476e8],"alpha":101.0,"initial_tol":0.001,"primal_objective":[2.463748256790428e6,2.463748256790428e6],"l_inf_primal_residual":[2.3111695370666894,2.3111695370666894],"relative_optimality_gap":[0.9160581347266097,0.9160581347266097],"D1_condition_number":[1.0,233.42812324373563],"last_iteration":1,"total_time":605.9443039894104,"l_inf_dual_residual":[12.808881253339791,12.808881253339791],"blackbox_time":[602.73925614357,2.6880688667297363],"candidate_type":"POINT_TYPE_AVERAGE_ITERATE"}