{"relative_l_inf_primal_residual":[0.0003852043339120473,0.0003852043339120473],"instance":"/nfs/sloanlab007/projects/pdopt_proj/instances/lp/miplib2017/physiciansched3-3.mps.gz","time_sec_limit":600,"dual_objective":[5.621059516685897e7,5.621059516685897e7],"max_iter":1000.0,"relative_l_inf_dual_residual":[6.400677733383657,6.400677733383657],"objective_tol":1.0e-8,"termination_reason":["TERMINATION_REASON_TIME_LIMIT","TERMINATION_REASON_TIME_LIMIT"],"D2_condition_number":[1.0,7.983213254938892e6],"alpha":1.01,"initial_tol":0.001,"primal_objective":[2.463827883639234e6,2.463827883639234e6],"l_inf_primal_residual":[2.3092999818027238,2.3092999818027238],"relative_optimality_gap":[0.9160169554789754,0.9160169554789754],"D1_condition_number":[1.0,2.332392981620751],"last_iteration":1,"total_time":606.2280700206757,"l_inf_dual_residual":[12.801355466767314,12.801355466767314],"blackbox_time":[602.9741361141205,2.743532180786133],"candidate_type":"POINT_TYPE_AVERAGE_ITERATE"}