{"relative_l_inf_primal_residual":[7.171270301963854e-6,1.468361226845982e-9,1.468361226845982e-9],"instance":"/nfs/sloanlab007/projects/pdopt_proj/instances/lp/miplib2017/seqsolve1.mps.gz","time_sec_limit":600,"dual_objective":[4159.971030717342,4159.999534231885,4159.999534231885],"max_iter":1000.0,"relative_l_inf_dual_residual":[0.0025317372853427733,4.97759576163095e-10,4.97759576163095e-10],"objective_tol":1.0e-8,"termination_reason":["TERMINATION_REASON_OPTIMAL","TERMINATION_REASON_TIME_LIMIT","TERMINATION_REASON_TIME_LIMIT"],"D2_condition_number":[1.0,1.0,1.0],"alpha":101.0,"initial_tol":0.001,"primal_objective":[4159.917035804754,4159.999999999869,4159.999999999869],"l_inf_primal_residual":[0.0031768727437699873,6.5048402349277e-7,6.5048402349277e-7],"relative_optimality_gap":[6.489080511130675e-6,5.597500418706436e-8,5.597500418706436e-8],"D1_condition_number":[1.0,1.0,1.0],"last_iteration":2,"total_time":605.730789899826,"l_inf_dual_residual":[0.005063474570685547,9.9551915232619e-10,9.9551915232619e-10],"blackbox_time":[6.799520015716553,595.7086429595947,2.7276809215545654],"candidate_type":"POINT_TYPE_AVERAGE_ITERATE"}