{"relative_l_inf_primal_residual":[7.171270301963854e-6,1.4352145252285012e-9,1.4352145252285012e-9],"instance":"/nfs/sloanlab007/projects/pdopt_proj/instances/lp/miplib2017/seqsolve1.mps.gz","time_sec_limit":600,"dual_objective":[4159.971030717342,4159.999518251674,4159.999518251674],"max_iter":1000.0,"relative_l_inf_dual_residual":[0.0025317372853427733,7.950208305270226e-10,7.950208305270226e-10],"objective_tol":1.0e-8,"termination_reason":["TERMINATION_REASON_OPTIMAL","TERMINATION_REASON_TIME_LIMIT","TERMINATION_REASON_TIME_LIMIT"],"D2_condition_number":[1.0,1.0,1.0],"alpha":11.0,"initial_tol":0.001,"primal_objective":[4159.917035804754,4160.000000000454,4160.000000000454],"l_inf_primal_residual":[0.0031768727437699873,6.35800034676226e-7,6.35800034676226e-7],"relative_optimality_gap":[6.489080511130675e-6,5.789554231933822e-8,5.789554231933822e-8],"D1_condition_number":[1.0,1.0,1.0],"last_iteration":2,"total_time":605.807569026947,"l_inf_dual_residual":[0.005063474570685547,1.5900416610540452e-9,1.5900416610540452e-9],"blackbox_time":[6.562519073486328,595.9169640541077,2.831860065460205],"candidate_type":"POINT_TYPE_AVERAGE_ITERATE"}