{"relative_l_inf_primal_residual":[7.171270301963854e-6,5.502016346444858e-10,5.502016346444858e-10],"instance":"/nfs/sloanlab007/projects/pdopt_proj/instances/lp/miplib2017/seqsolve1.mps.gz","time_sec_limit":600,"dual_objective":[4159.971030717342,4159.999517422452,4159.999517422452],"max_iter":1000.0,"relative_l_inf_dual_residual":[0.0025317372853427733,5.667749405940974e-10,5.667749405940974e-10],"objective_tol":1.0e-8,"termination_reason":["TERMINATION_REASON_OPTIMAL","TERMINATION_REASON_TIME_LIMIT","TERMINATION_REASON_TIME_LIMIT"],"D2_condition_number":[1.0,1.0,1.0],"alpha":1.01,"initial_tol":0.001,"primal_objective":[4159.917035804754,4159.999999999865,4159.999999999865],"l_inf_primal_residual":[0.0031768727437699873,2.437393241475072e-7,2.437393241475072e-7],"relative_optimality_gap":[6.489080511130675e-6,5.799512571591636e-8,5.799512571591636e-8],"D1_condition_number":[1.0,1.0,1.0],"last_iteration":2,"total_time":605.786386013031,"l_inf_dual_residual":[0.005063474570685547,1.1335498811881949e-9,1.1335498811881949e-9],"blackbox_time":[6.5027289390563965,596.0346729755402,2.755079984664917],"candidate_type":"POINT_TYPE_AVERAGE_ITERATE"}