{"relative_l_inf_primal_residual":[7.171270301963854e-6,4.348058516570338e-11,4.348058516570338e-11],"instance":"/nfs/sloanlab007/projects/pdopt_proj/instances/lp/miplib2017/seqsolve1.mps.gz","time_sec_limit":600,"dual_objective":[4159.971030717342,4159.9995183583205,4159.9995183583205],"max_iter":1000.0,"relative_l_inf_dual_residual":[0.0025317372853427733,8.072618646275511e-10,8.072618646275511e-10],"objective_tol":1.0e-8,"termination_reason":["TERMINATION_REASON_OPTIMAL","TERMINATION_REASON_TIME_LIMIT","TERMINATION_REASON_TIME_LIMIT"],"D2_condition_number":[1.0,1.0,1.0],"alpha":1.1,"initial_tol":0.001,"primal_objective":[4159.917035804754,4160.000000000015,4160.000000000015],"l_inf_primal_residual":[0.0031768727437699873,1.9261899228406598e-8,1.9261899228406598e-8],"relative_optimality_gap":[6.489080511130675e-6,5.788267298421943e-8,5.788267298421943e-8],"D1_condition_number":[1.0,1.0,1.0],"last_iteration":2,"total_time":605.7774701118469,"l_inf_dual_residual":[0.005063474570685547,1.6145237292551021e-9,1.6145237292551021e-9],"blackbox_time":[6.558725833892822,595.9475471973419,2.7795610427856445],"candidate_type":"POINT_TYPE_AVERAGE_ITERATE"}