{"relative_l_inf_primal_residual":[1.764931086234788e-7,1.764931086234788e-7],"instance":"/nfs/sloanlab007/projects/pdopt_proj/instances/lp/miplib2017/shs1042.mps.gz","time_sec_limit":600,"dual_objective":[-2.176548595986079e6,-2.176548595986079e6],"max_iter":1000.0,"relative_l_inf_dual_residual":[2.9743511272048e-5,2.9743511272048e-5],"objective_tol":1.0e-8,"termination_reason":["TERMINATION_REASON_TIME_LIMIT","TERMINATION_REASON_TIME_LIMIT"],"D2_condition_number":[1.0,1.0],"alpha":11.0,"initial_tol":0.001,"primal_objective":[9308.309104432621,9308.309104432621],"l_inf_primal_residual":[0.0007428571403822609,0.0007428571403822609],"relative_optimality_gap":[0.9999995425137207,0.9999995425137207],"D1_condition_number":[1.0,1.0],"last_iteration":1,"total_time":605.5632090568542,"l_inf_dual_residual":[0.007465621329284048,0.007465621329284048],"blackbox_time":[602.5038051605225,2.7805111408233643],"candidate_type":"POINT_TYPE_AVERAGE_ITERATE"}