{"relative_l_inf_primal_residual":[1.7649139961179684e-7,1.7649139961179684e-7],"instance":"/nfs/sloanlab007/projects/pdopt_proj/instances/lp/miplib2017/shs1042.mps.gz","time_sec_limit":600,"dual_objective":[-2.175009203897822e6,-2.175009203897822e6],"max_iter":1000.0,"relative_l_inf_dual_residual":[2.9800899842654636e-5,2.9800899842654636e-5],"objective_tol":1.0e-8,"termination_reason":["TERMINATION_REASON_TIME_LIMIT","TERMINATION_REASON_TIME_LIMIT"],"D2_condition_number":[1.0,1.0],"alpha":1.1,"initial_tol":0.001,"primal_objective":[9308.318999879233,9308.318999879233],"l_inf_primal_residual":[0.000742849947174884,0.000742849947174884],"relative_optimality_gap":[0.9999995421913107,0.9999995421913107],"D1_condition_number":[1.0,1.0],"last_iteration":1,"total_time":605.5043859481812,"l_inf_dual_residual":[0.007480025860506313,0.007480025860506313],"blackbox_time":[602.4920787811279,2.737121105194092],"candidate_type":"POINT_TYPE_AVERAGE_ITERATE"}