{"relative_l_inf_primal_residual":[7.243808650712893e-7,7.243808650712893e-7],"instance":"/nfs/sloanlab007/projects/pdopt_proj/instances/lp/miplib2017/shs1014.mps.gz","time_sec_limit":600,"dual_objective":[-1.2250354537312362e8,-1.2250354537312362e8],"max_iter":1000.0,"relative_l_inf_dual_residual":[0.0007667230134392436,0.0007667230134392436],"objective_tol":1.0e-8,"termination_reason":["TERMINATION_REASON_TIME_LIMIT","TERMINATION_REASON_TIME_LIMIT"],"D2_condition_number":[1.0,19.437195113698266],"alpha":101.0,"initial_tol":0.001,"primal_objective":[22098.064564614906,22098.064564614906],"l_inf_primal_residual":[0.001547970833084198,0.001547970833084198],"relative_optimality_gap":[0.9999999918384432,0.9999999918384432],"D1_condition_number":[1.0,1.0],"last_iteration":1,"total_time":605.6744740009308,"l_inf_dual_residual":[0.19244747637325016,0.19244747637325016],"blackbox_time":[602.9456920623779,2.4403538703918457],"candidate_type":"POINT_TYPE_AVERAGE_ITERATE"}