{"relative_l_inf_primal_residual":[1.7646118806242908e-7,1.7646118806242908e-7],"instance":"/nfs/sloanlab007/projects/pdopt_proj/instances/lp/miplib2017/shs1042.mps.gz","time_sec_limit":600,"dual_objective":[-2.1700552577953087e6,-2.1700552577953087e6],"max_iter":1000.0,"relative_l_inf_dual_residual":[2.997747912899458e-5,2.997747912899458e-5],"objective_tol":1.0e-8,"termination_reason":["TERMINATION_REASON_TIME_LIMIT","TERMINATION_REASON_TIME_LIMIT"],"D2_condition_number":[1.0,1.0],"alpha":1.01,"initial_tol":0.001,"primal_objective":[9308.34801559223,9308.34801559223],"l_inf_primal_residual":[0.0007427227871665137,0.0007427227871665137],"relative_optimality_gap":[0.999999541150665,0.999999541150665],"D1_condition_number":[1.0,1.0],"last_iteration":1,"total_time":605.6656949520111,"l_inf_dual_residual":[0.00752434726137764,0.00752434726137764],"blackbox_time":[602.6157579421997,2.7731471061706543],"candidate_type":"POINT_TYPE_AVERAGE_ITERATE"}