{"relative_l_inf_primal_residual":[0.1499038355090826,1.3456387115695634e-9],"instance":"/nfs/sloanlab007/projects/pdopt_proj/instances/lp/miplib2017/wnq-n100-mw99-14.mps.gz","time_sec_limit":600,"dual_objective":[180.86624789661647,185.26315788324385],"max_iter":1000.0,"relative_l_inf_dual_residual":[1.5160034045242456e-5,4.852872877852965e-14],"objective_tol":1.0e-8,"termination_reason":["TERMINATION_REASON_OPTIMAL","TERMINATION_REASON_OPTIMAL"],"D2_condition_number":[1.0,1.0],"alpha":1.01,"initial_tol":0.001,"primal_objective":[181.0911043556217,185.26315787027409],"l_inf_primal_residual":[0.2998076710181652,2.6912774231391268e-9],"relative_optimality_gap":[0.0006195120655634479,3.4909408511748857e-11],"D1_condition_number":[1.0,1.0],"last_iteration":1,"total_time":77.40985798835754,"l_inf_dual_residual":[0.0015160034045242456,4.852872877852965e-12],"blackbox_time":[6.696280002593994,69.99917507171631],"candidate_type":"POINT_TYPE_AVERAGE_ITERATE"}