{"relative_l_inf_primal_residual":[0.1499038355090826,1.0686237450485692e-9],"instance":"/nfs/sloanlab007/projects/pdopt_proj/instances/lp/miplib2017/wnq-n100-mw99-14.mps.gz","time_sec_limit":600,"dual_objective":[180.86624789661647,185.26315789110217],"max_iter":1000.0,"relative_l_inf_dual_residual":[1.5160034045242456e-5,1.9659900606355114e-14],"objective_tol":1.0e-8,"termination_reason":["TERMINATION_REASON_OPTIMAL","TERMINATION_REASON_OPTIMAL"],"D2_condition_number":[1.0,1.9022481527142494],"alpha":11.0,"initial_tol":0.001,"primal_objective":[181.0911043556217,185.26315786756726],"l_inf_primal_residual":[0.2998076710181652,2.1372474900971383e-9],"relative_optimality_gap":[0.0006195120655634479,6.334654675696575e-11],"D1_condition_number":[1.0,3.2978843811998173],"last_iteration":1,"total_time":74.84433197975159,"l_inf_dual_residual":[0.0015160034045242456,1.9659900606355113e-12],"blackbox_time":[6.62377405166626,67.51125884056091],"candidate_type":"POINT_TYPE_AVERAGE_ITERATE"}