{"relative_l_inf_primal_residual":[0.1499038355090826,3.522557912027935e-9],"instance":"/nfs/sloanlab007/projects/pdopt_proj/instances/lp/miplib2017/wnq-n100-mw99-14.mps.gz","time_sec_limit":600,"dual_objective":[180.86624789661647,185.26315789043431],"max_iter":1000.0,"relative_l_inf_dual_residual":[1.5160034045242456e-5,1.0012494983504053e-14],"objective_tol":1.0e-8,"termination_reason":["TERMINATION_REASON_OPTIMAL","TERMINATION_REASON_OPTIMAL"],"D2_condition_number":[1.0,1.0],"alpha":1.1,"initial_tol":0.001,"primal_objective":[181.0911043556217,185.2631578104665],"l_inf_primal_residual":[0.2998076710181652,7.04511582405587e-9],"relative_optimality_gap":[0.0006195120655634479,2.1524129366605497e-10],"D1_condition_number":[1.0,1.0],"last_iteration":1,"total_time":77.94371700286865,"l_inf_dual_residual":[0.0015160034045242456,1.0012494983504053e-12],"blackbox_time":[6.708315849304199,70.5069649219513],"candidate_type":"POINT_TYPE_AVERAGE_ITERATE"}