{"relative_l_inf_primal_residual":[0.1499038355090826,1.9070476309224205e-9],"instance":"/nfs/sloanlab007/projects/pdopt_proj/instances/lp/miplib2017/wnq-n100-mw99-14.mps.gz","time_sec_limit":600,"dual_objective":[180.86624789661647,185.26315788979605],"max_iter":1000.0,"relative_l_inf_dual_residual":[1.5160034045242456e-5,3.6216757403392114e-14],"objective_tol":1.0e-8,"termination_reason":["TERMINATION_REASON_OPTIMAL","TERMINATION_REASON_OPTIMAL"],"D2_condition_number":[1.0,17.466096674921744],"alpha":101.0,"initial_tol":0.001,"primal_objective":[181.0911043556217,185.26315792637445],"l_inf_primal_residual":[0.2998076710181652,3.814095261844841e-9],"relative_optimality_gap":[0.0006195120655634479,9.845439587788343e-11],"D1_condition_number":[1.0,30.280574772834683],"last_iteration":1,"total_time":118.87841296195984,"l_inf_dual_residual":[0.0015160034045242456,3.6216757403392114e-12],"blackbox_time":[6.635815858840942,111.52998113632202],"candidate_type":"POINT_TYPE_AVERAGE_ITERATE"}