{"relative_l_inf_primal_residual":[0.008695087950113478,1.1985751280363388e-9],"instance":"/nfs/sloanlab007/projects/pdopt_proj/instances/lp/miplib2017/z26.mps.gz","time_sec_limit":600,"dual_objective":[-1653.3382175855093,-1651.9375000027794],"max_iter":1000.0,"relative_l_inf_dual_residual":[2.462028454656972e-5,2.2832093000643185e-12],"objective_tol":1.0e-8,"termination_reason":["TERMINATION_REASON_OPTIMAL","TERMINATION_REASON_OPTIMAL"],"D2_condition_number":[1.0,1.0],"alpha":1.1,"initial_tol":0.001,"primal_objective":[-1651.9314119601468,-1651.93750000105],"l_inf_primal_residual":[0.017390175900226956,2.3971502560726776e-9],"relative_optimality_gap":[0.00042549633967868983,5.232888310206041e-13],"D1_condition_number":[1.0,1.0],"last_iteration":1,"total_time":19.819934129714966,"l_inf_dual_residual":[4.924056909313944e-5,4.566418600128637e-12],"blackbox_time":[7.691637992858887,11.35290789604187],"candidate_type":"POINT_TYPE_AVERAGE_ITERATE"}