{"relative_l_inf_primal_residual":[0.008695087950113478,6.043276989942115e-11],"instance":"/nfs/sloanlab007/projects/pdopt_proj/instances/lp/miplib2017/z26.mps.gz","time_sec_limit":600,"dual_objective":[-1653.3382175855093,-1651.937500001045],"max_iter":1000.0,"relative_l_inf_dual_residual":[2.462028454656972e-5,6.826083955350191e-13],"objective_tol":1.0e-8,"termination_reason":["TERMINATION_REASON_OPTIMAL","TERMINATION_REASON_OPTIMAL"],"D2_condition_number":[1.0,1.0],"alpha":11.0,"initial_tol":0.001,"primal_objective":[-1651.9314119601468,-1651.93749999995],"l_inf_primal_residual":[0.017390175900226956,1.208655397988423e-10],"relative_optimality_gap":[0.00042549633967868983,3.313382869047319e-13],"D1_condition_number":[1.0,1.0],"last_iteration":1,"total_time":20.138926029205322,"l_inf_dual_residual":[4.924056909313944e-5,1.3652167910700383e-12],"blackbox_time":[7.6729960441589355,11.691147804260254],"candidate_type":"POINT_TYPE_AVERAGE_ITERATE"}