{"relative_l_inf_primal_residual":[0.008695087950113478,2.0809132195154234e-11],"instance":"/nfs/sloanlab007/projects/pdopt_proj/instances/lp/miplib2017/z26.mps.gz","time_sec_limit":600,"dual_objective":[-1653.3382175855093,-1651.9375000000196],"max_iter":1000.0,"relative_l_inf_dual_residual":[2.462028454656972e-5,2.140848669130932e-14],"objective_tol":1.0e-8,"termination_reason":["TERMINATION_REASON_OPTIMAL","TERMINATION_REASON_OPTIMAL"],"D2_condition_number":[1.0,1.0749060193192943],"alpha":101.0,"initial_tol":0.001,"primal_objective":[-1651.9314119601468,-1651.9375000000202],"l_inf_primal_residual":[0.017390175900226956,4.161826439030847e-11],"relative_optimality_gap":[0.00042549633967868983,2.0639843453373816e-16],"D1_condition_number":[1.0,1.7564077659229225],"last_iteration":1,"total_time":20.165730953216553,"l_inf_dual_residual":[4.924056909313944e-5,4.281697338261864e-14],"blackbox_time":[7.7362401485443115,11.658890008926392],"candidate_type":"POINT_TYPE_AVERAGE_ITERATE"}