{"relative_l_inf_primal_residual":[0.0009709832961009024,1.0840525660471556e-7,1.0840525660471556e-7],"instance":"/nfs/sloanlab007/projects/pdopt_proj/instances/lp/miplib2017/zeil.mps.gz","time_sec_limit":600,"dual_objective":[813.5288325860547,813.5095367431641,813.5095367431641],"max_iter":1000.0,"relative_l_inf_dual_residual":[0.0003958214042398822,3.42292860722182e-11,3.42292860722182e-11],"objective_tol":1.0e-8,"termination_reason":["TERMINATION_REASON_OPTIMAL","TERMINATION_REASON_TIME_LIMIT","TERMINATION_REASON_TIME_LIMIT"],"D2_condition_number":[1.0,1.0,1.0],"alpha":1.1,"initial_tol":0.001,"primal_objective":[813.6139364688412,813.510307385281,813.510307385281],"l_inf_primal_residual":[0.0019419665922018048,2.1681051320943112e-7,2.1681051320943112e-7],"relative_optimality_gap":[5.2270528361517806e-5,4.733616237356406e-7,4.733616237356406e-7],"D1_condition_number":[1.0,1.0,1.0],"last_iteration":2,"total_time":604.131443977356,"l_inf_dual_residual":[0.0007916428084797644,6.84585721444364e-11,6.84585721444364e-11],"blackbox_time":[15.861778974533081,586.0614731311798,2.0239369869232178],"candidate_type":"POINT_TYPE_AVERAGE_ITERATE"}