{"relative_l_inf_primal_residual":[0.0009709832961009024,2.3155857503676103e-7,2.3155857503676103e-7],"instance":"/nfs/sloanlab007/projects/pdopt_proj/instances/lp/miplib2017/zeil.mps.gz","time_sec_limit":600,"dual_objective":[813.5288325860547,813.5095520019531,813.5095520019531],"max_iter":1000.0,"relative_l_inf_dual_residual":[0.0003958214042398822,6.628309338028993e-11,6.628309338028993e-11],"objective_tol":1.0e-8,"termination_reason":["TERMINATION_REASON_OPTIMAL","TERMINATION_REASON_TIME_LIMIT","TERMINATION_REASON_TIME_LIMIT"],"D2_condition_number":[1.0,1.0,1.0],"alpha":101.0,"initial_tol":0.001,"primal_objective":[813.6139364688412,813.5103087025394,813.5103087025394],"l_inf_primal_residual":[0.0019419665922018048,4.6311715007352205e-7,4.6311715007352205e-7],"relative_optimality_gap":[5.2270528361517806e-5,4.647981296532826e-7,4.647981296532826e-7],"D1_condition_number":[1.0,1.0,1.0],"last_iteration":2,"total_time":604.6463680267334,"l_inf_dual_residual":[0.0007916428084797644,1.3256618676057985e-10,1.3256618676057985e-10],"blackbox_time":[15.802263975143433,586.2267069816589,2.4328300952911377],"candidate_type":"POINT_TYPE_AVERAGE_ITERATE"}