{"relative_l_inf_primal_residual":[0.0009709832961009024,4.336661096893124e-8,4.336661096893124e-8],"instance":"/nfs/sloanlab007/projects/pdopt_proj/instances/lp/miplib2017/zeil.mps.gz","time_sec_limit":600,"dual_objective":[813.5288325860547,813.5095367431641,813.5095367431641],"max_iter":1000.0,"relative_l_inf_dual_residual":[0.0003958214042398822,2.5296254132188556e-11,2.5296254132188556e-11],"objective_tol":1.0e-8,"termination_reason":["TERMINATION_REASON_OPTIMAL","TERMINATION_REASON_TIME_LIMIT","TERMINATION_REASON_TIME_LIMIT"],"D2_condition_number":[1.0,1.0,1.0],"alpha":1.01,"initial_tol":0.001,"primal_objective":[813.6139364688412,813.5103081511016,813.5103081511016],"l_inf_primal_residual":[0.0019419665922018048,8.673322193786248e-8,8.673322193786248e-8],"relative_optimality_gap":[5.2270528361517806e-5,4.7383202360623014e-7,4.7383202360623014e-7],"D1_condition_number":[1.0,1.0,1.0],"last_iteration":2,"total_time":604.2400600910187,"l_inf_dual_residual":[0.0007916428084797644,5.059250826437711e-11,5.059250826437711e-11],"blackbox_time":[16.124864101409912,585.8588411808014,2.0547127723693848],"candidate_type":"POINT_TYPE_AVERAGE_ITERATE"}