{"relative_l_inf_primal_residual":[0.0009709832961009024,1.0891107793398191e-8,1.0891107793398191e-8],"instance":"/nfs/sloanlab007/projects/pdopt_proj/instances/lp/miplib2017/zeil.mps.gz","time_sec_limit":600,"dual_objective":[813.5288325860547,813.509521484375,813.509521484375],"max_iter":1000.0,"relative_l_inf_dual_residual":[0.0003958214042398822,2.2035055637775747e-11,2.2035055637775747e-11],"objective_tol":1.0e-8,"termination_reason":["TERMINATION_REASON_OPTIMAL","TERMINATION_REASON_TIME_LIMIT","TERMINATION_REASON_TIME_LIMIT"],"D2_condition_number":[1.0,1.0,1.0],"alpha":11.0,"initial_tol":0.001,"primal_objective":[813.6139364688412,813.5103081478352,813.5103081478352],"l_inf_primal_residual":[0.0019419665922018048,2.1782215586796383e-8,2.1782215586796383e-8],"relative_optimality_gap":[5.2270528361517806e-5,4.832026280462115e-7,4.832026280462115e-7],"D1_condition_number":[1.0,1.0,1.0],"last_iteration":2,"total_time":604.5465519428253,"l_inf_dual_residual":[0.0007916428084797644,4.4070111275551493e-11,4.4070111275551493e-11],"blackbox_time":[15.726213932037354,586.2902348041534,2.137050151824951],"candidate_type":"POINT_TYPE_AVERAGE_ITERATE"}