{"relative_l_inf_primal_residual":[0.0002395191435906841,1.3353336565146672e-10],"instance":"/nfs/sloanlab007/projects/pdopt_proj/instances/lp/miplib2017/nursesched-medium-hint03.mps.gz","final iteration":1,"time_sec_limit":3600.0,"dual_objective":[33.430516605408584,33.46848484582513],"max_iter":1000,"relative_l_inf_dual_residual":[5.875070930408523e-7,3.3398515695918226e-14],"objective_tol":1.0e-8,"max_time":3600.0,"initial_tol":0.001,"primal_objective":[33.48823314433349,33.46848484967269],"l_inf_primal_residual":[0.004550863728222998,2.5371339473778676e-9],"relative_optimality_gap":[0.0008497880060745177,5.663426716965402e-11],"total_time":69.74474787712097,"l_inf_dual_residual":[0.00016450198605143864,9.351584394857104e-12],"blackbox_time":[31.66507387161255,37.962579011917114],"candidate_type":"POINT_TYPE_AVERAGE_ITERATE"}