{"relative_l_inf_primal_residual":[7.398241794041495e-9],"instance":"/nfs/sloanlab007/projects/pdopt_proj/instances/lp/miplib2017/nursesched-medium-hint03.mps.gz","final iteration":0,"time_sec_limit":3600.0,"dual_objective":[33.468484681295365],"max_iter":0,"relative_l_inf_dual_residual":[2.2310123203811203e-12],"objective_tol":1.0e-8,"max_time":3600.0,"initial_tol":1.0e-8,"primal_objective":[33.4684853337622],"l_inf_primal_residual":[1.405665940867884e-7],"relative_optimality_gap":[9.604002618117046e-9],"total_time":42.47400999069214,"l_inf_dual_residual":[6.246834497067137e-10],"blackbox_time":[42.39082407951355],"candidate_type":"POINT_TYPE_AVERAGE_ITERATE"}