{"relative_l_inf_primal_residual":[0.000739619712379874,5.285416874212571e-12],"instance":"/nfs/sloanlab007/projects/pdopt_proj/instances/lp/miplib2017/var-smallemery-m6j6.mps.gz","final iteration":1,"time_sec_limit":3600.0,"dual_objective":[-155.63991460091253,-156.056268114557],"max_iter":1000,"relative_l_inf_dual_residual":[0.0005861202036175811,1.016385608489101e-11],"objective_tol":1.0e-8,"max_time":3600.0,"initial_tol":0.001,"primal_objective":[-155.88434696096948,-156.05626812369496],"l_inf_primal_residual":[1.009580907398528,7.214594033300159e-9],"relative_optimality_gap":[0.0007821228305135864,2.918423252508894e-11],"total_time":528.9817638397217,"l_inf_dual_residual":[0.0011722404072351622,2.032771216978202e-11],"blackbox_time":[40.14925003051758,488.53321599960327],"candidate_type":"POINT_TYPE_AVERAGE_ITERATE"}