{"relative_l_inf_primal_residual":[1.5187930264283128e-9],"instance":"/nfs/sloanlab007/projects/pdopt_proj/instances/lp/miplib2017/var-smallemery-m6j6.mps.gz","final iteration":0,"time_sec_limit":3600.0,"dual_objective":[-156.0562714949703],"max_iter":0,"relative_l_inf_dual_residual":[9.951550694609068e-11],"objective_tol":1.0e-8,"max_time":3600.0,"initial_tol":1.0e-8,"primal_objective":[-156.05626836564272],"l_inf_primal_residual":[2.073152481074647e-6],"relative_optimality_gap":[9.994258238450172e-9],"total_time":637.0422699451447,"l_inf_dual_residual":[1.9903101389218136e-10],"blackbox_time":[636.9592020511627],"candidate_type":"POINT_TYPE_AVERAGE_ITERATE"}