{
    "relative_l_inf_primal_residual": [
        7.696851018450246e-5,
        2.8370077120865034e-11
    ],
    "instance": "/nfs/sloanlab007/projects/pdopt_proj/instances/lp/miplib2017/30n20b8.mps.gz",
    "time_sec_limit": 3600,
    "dual_objective": [
        1.5635264633484312,
        1.5664076365241897
    ],
    "max_iter": 1000.0,
    "relative_l_inf_dual_residual": [
        3.565831754712139e-8,
        3.474593137734765e-14
    ],
    "objective_tol": 1.0e-8,
    "termination_reason": [
        "TERMINATION_REASON_OPTIMAL",
        "TERMINATION_REASON_OPTIMAL"
    ],
    "D2_condition_number": [
        1.0,
        29.71062796096824
    ],
    "alpha": 1.1,
    "initial_tol": 0.001,
    "primal_objective": [
        1.5664027105035228,
        1.5664076456341576
    ],
    "l_inf_primal_residual": [
        0.00015393702036900492,
        5.674015424173007e-11
    ],
    "relative_optimality_gap": [
        0.0006964398259665433,
        2.2043007657495898e-9
    ],
    "D1_condition_number": [
        1.0,
        1.0
    ],
    "last_iteration": 1,
    "total_time": 98.04700207710266,
    "l_inf_dual_residual": [
        3.6014900722592604e-6,
        3.509339069112112e-12
    ],
    "blackbox_time": [
        85.13076114654541,
        12.826720952987671
    ],
    "candidate_type": "POINT_TYPE_AVERAGE_ITERATE"
}