{
    "relative_l_inf_primal_residual": [
        7.696851018450246e-5,
        6.027137122721626e-12
    ],
    "instance": "/nfs/sloanlab007/projects/pdopt_proj/instances/lp/miplib2017/30n20b8.mps.gz",
    "time_sec_limit": 3600,
    "dual_objective": [
        1.5635264633484312,
        1.5664076399223674
    ],
    "max_iter": 1000.0,
    "relative_l_inf_dual_residual": [
        3.565831754712139e-8,
        4.378357849904039e-14
    ],
    "objective_tol": 1.0e-8,
    "termination_reason": [
        "TERMINATION_REASON_OPTIMAL",
        "TERMINATION_REASON_OPTIMAL"
    ],
    "D2_condition_number": [
        1.0,
        27.27975840052538
    ],
    "alpha": 1.01,
    "initial_tol": 0.001,
    "primal_objective": [
        1.5664027105035228,
        1.5664076455685876
    ],
    "l_inf_primal_residual": [
        0.00015393702036900492,
        1.2054274245443253e-11
    ],
    "relative_optimality_gap": [
        0.0006964398259665433,
        1.3661922365382242e-9
    ],
    "D1_condition_number": [
        1.0,
        1.0
    ],
    "last_iteration": 1,
    "total_time": 97.11314105987549,
    "l_inf_dual_residual": [
        3.6014900722592604e-6,
        4.42214142840308e-12
    ],
    "blackbox_time": [
        85.01605606079102,
        12.085716962814331
    ],
    "candidate_type": "POINT_TYPE_AVERAGE_ITERATE"
}