{
    "relative_l_inf_primal_residual": [
        7.696851018450246e-5,
        7.746095431748756e-13
    ],
    "instance": "/nfs/sloanlab007/projects/pdopt_proj/instances/lp/miplib2017/30n20b8.mps.gz",
    "time_sec_limit": 3600,
    "dual_objective": [
        1.5635264633484312,
        1.5664076365694228
    ],
    "max_iter": 1000.0,
    "relative_l_inf_dual_residual": [
        3.565831754712139e-8,
        4.858011206095241e-14
    ],
    "objective_tol": 1.0e-8,
    "termination_reason": [
        "TERMINATION_REASON_OPTIMAL",
        "TERMINATION_REASON_OPTIMAL"
    ],
    "D2_condition_number": [
        1.0,
        2727.975840052538
    ],
    "alpha": 101.0,
    "initial_tol": 0.001,
    "primal_objective": [
        1.5664027105035228,
        1.5664076455901832
    ],
    "l_inf_primal_residual": [
        0.00015393702036900492,
        1.5492190863497513e-12
    ],
    "relative_optimality_gap": [
        0.0006964398259665433,
        2.182715593375804e-9
    ],
    "D1_condition_number": [
        1.0,
        1.0
    ],
    "last_iteration": 1,
    "total_time": 99.18294310569763,
    "l_inf_dual_residual": [
        3.6014900722592604e-6,
        4.9065913181561935e-12
    ],
    "blackbox_time": [
        84.9749801158905,
        14.19673490524292
    ],
    "candidate_type": "POINT_TYPE_AVERAGE_ITERATE"
}