{"relative_l_inf_primal_residual":[0.00403671310957608,1.0433088738908567e-11],"instance":"/nfs/sloanlab007/projects/pdopt_proj/instances/lp/miplib2017/cmflsp40-24-10-7.mps.gz","time_sec_limit":3600,"dual_objective":[5.040559320670926e7,5.0407308578125e7],"max_iter":1000.0,"relative_l_inf_dual_residual":[6.247667085349401e-8,5.5009139725328725e-14],"objective_tol":1.0e-8,"termination_reason":["TERMINATION_REASON_OPTIMAL","TERMINATION_REASON_OPTIMAL"],"D2_condition_number":[1.0,682.2637006053701],"alpha":11.0,"initial_tol":0.001,"primal_objective":[5.0372804489436254e7,5.040730864297496e7],"l_inf_primal_residual":[4.821248302422191,1.2460759535315447e-8],"relative_optimality_gap":[0.0003253546166362974,6.432594693909242e-10],"D1_condition_number":[1.0,53.0337313266441],"last_iteration":1,"total_time":231.71734714508057,"l_inf_dual_residual":[0.5707921982260334,5.025681963748141e-7],"blackbox_time":[2.774656057357788,228.93158292770386],"candidate_type":"POINT_TYPE_AVERAGE_ITERATE"}