{"relative_l_inf_primal_residual":[0.00403671310957608,6.103479703755346e-11],"instance":"/nfs/sloanlab007/projects/pdopt_proj/instances/lp/miplib2017/cmflsp40-24-10-7.mps.gz","time_sec_limit":3600,"dual_objective":[5.040559320670926e7,5.04073085625e7],"max_iter":1000.0,"relative_l_inf_dual_residual":[6.247667085349401e-8,2.3436947479479153e-14],"objective_tol":1.0e-8,"termination_reason":["TERMINATION_REASON_OPTIMAL","TERMINATION_REASON_OPTIMAL"],"D2_condition_number":[1.0,62.644212510129435],"alpha":1.01,"initial_tol":0.001,"primal_objective":[5.0372804489436254e7,5.0407308643338054e7],"l_inf_primal_residual":[4.821248302422191,7.289690984180197e-8],"relative_optimality_gap":[0.0003253546166362974,8.018485399955877e-10],"D1_condition_number":[1.0,4.869460785446413],"last_iteration":1,"total_time":124.99043798446655,"l_inf_dual_residual":[0.5707921982260334,2.1412195286285574e-7],"blackbox_time":[2.260298013687134,122.71921515464783],"candidate_type":"POINT_TYPE_AVERAGE_ITERATE"}