{"relative_l_inf_primal_residual":[0.00403671310957608,4.949734635177322e-15],"instance":"/nfs/sloanlab007/projects/pdopt_proj/instances/lp/miplib2017/cmflsp40-24-10-7.mps.gz","time_sec_limit":3600,"dual_objective":[5.040559320670926e7,5.0407308e7],"max_iter":1000.0,"relative_l_inf_dual_residual":[6.247667085349401e-8,3.309202337950201e-13],"objective_tol":1.0e-8,"termination_reason":["TERMINATION_REASON_OPTIMAL","TERMINATION_REASON_OPTIMAL"],"D2_condition_number":[1.0,6264.421251012944],"alpha":101.0,"initial_tol":0.001,"primal_objective":[5.0372804489436254e7,5.04073086430221e7],"l_inf_primal_residual":[4.821248302422191,5.9117155615240335e-12],"relative_optimality_gap":[0.0003253546166362974,6.378262524628015e-9],"D1_condition_number":[1.0,486.9460785446413],"last_iteration":1,"total_time":1009.6236629486084,"l_inf_dual_residual":[0.5707921982260334,3.0233155048908777e-6],"blackbox_time":[2.265578031539917,1007.3468890190125],"candidate_type":"POINT_TYPE_AVERAGE_ITERATE"}