{"relative_l_inf_primal_residual":[0.00403671310957608,6.334327712163655e-12],"instance":"/nfs/sloanlab007/projects/pdopt_proj/instances/lp/miplib2017/cmflsp40-24-10-7.mps.gz","time_sec_limit":3600,"dual_objective":[5.040559320670926e7,5.0407308546875e7],"max_iter":1000.0,"relative_l_inf_dual_residual":[6.247667085349401e-8,1.740316090028078e-14],"objective_tol":1.0e-8,"termination_reason":["TERMINATION_REASON_OPTIMAL","TERMINATION_REASON_OPTIMAL"],"D2_condition_number":[1.0,68.22637006053701],"alpha":1.1,"initial_tol":0.001,"primal_objective":[5.0372804489436254e7,5.040730864298731e7],"l_inf_primal_residual":[4.821248302422191,7.56540430302266e-9],"relative_optimality_gap":[0.0003253546166362974,9.533568902217784e-10],"D1_condition_number":[1.0,5.303373132664411],"last_iteration":1,"total_time":165.89579606056213,"l_inf_dual_residual":[0.5707921982260334,1.5899676360231485e-7],"blackbox_time":[2.265903949737549,163.6184160709381],"candidate_type":"POINT_TYPE_AVERAGE_ITERATE"}