{"relative_l_inf_primal_residual":[0.0024414835582486916,2.839003476751145e-10],"instance":"/nfs/sloanlab007/projects/pdopt_proj/instances/lp/miplib2017/ex1010-pi.mps.gz","time_sec_limit":3600,"dual_objective":[220.39376429337426,220.67008703498513],"max_iter":1000.0,"relative_l_inf_dual_residual":[0.00036979429814482567,1.0727881866808182e-11],"objective_tol":1.0e-8,"termination_reason":["TERMINATION_REASON_OPTIMAL","TERMINATION_REASON_OPTIMAL"],"D2_condition_number":[1.0,1.0],"alpha":1.01,"initial_tol":0.001,"primal_objective":[220.6892182058392,220.67008704472323],"l_inf_primal_residual":[0.004882967116497383,5.67800695350229e-10],"relative_optimality_gap":[0.0006683222927846486,2.201496145063034e-11],"D1_condition_number":[1.0,1.0],"last_iteration":1,"total_time":55.19240689277649,"l_inf_dual_residual":[0.0007395885962896513,2.1455763733616365e-11],"blackbox_time":[0.4744410514831543,54.689125776290894],"candidate_type":"POINT_TYPE_AVERAGE_ITERATE"}