{"relative_l_inf_primal_residual":[0.0024414835582486916,9.066369877075431e-11],"instance":"/nfs/sloanlab007/projects/pdopt_proj/instances/lp/miplib2017/ex1010-pi.mps.gz","time_sec_limit":3600,"dual_objective":[220.39376429337426,220.67008704404782],"max_iter":1000.0,"relative_l_inf_dual_residual":[0.00036979429814482567,8.757569593554476e-13],"objective_tol":1.0e-8,"termination_reason":["TERMINATION_REASON_OPTIMAL","TERMINATION_REASON_OPTIMAL"],"D2_condition_number":[1.0,1.0],"alpha":11.0,"initial_tol":0.001,"primal_objective":[220.6892182058392,220.6700870448846],"l_inf_primal_residual":[0.004882967116497383,1.8132739754150862e-10],"relative_optimality_gap":[0.0006683222927846486,1.8917385715042872e-12],"D1_condition_number":[1.0,1.0],"last_iteration":1,"total_time":45.32307696342468,"l_inf_dual_residual":[0.0007395885962896513,1.7515139187108952e-12],"blackbox_time":[0.47478485107421875,44.81912016868591],"candidate_type":"POINT_TYPE_AVERAGE_ITERATE"}