{"relative_l_inf_primal_residual":[0.0024414835582486916,3.0589847321849106e-10],"instance":"/nfs/sloanlab007/projects/pdopt_proj/instances/lp/miplib2017/ex1010-pi.mps.gz","time_sec_limit":3600,"dual_objective":[220.39376429337426,220.67008703500187],"max_iter":1000.0,"relative_l_inf_dual_residual":[0.00036979429814482567,9.612962986391138e-12],"objective_tol":1.0e-8,"termination_reason":["TERMINATION_REASON_OPTIMAL","TERMINATION_REASON_OPTIMAL"],"D2_condition_number":[1.0,1.0],"alpha":1.1,"initial_tol":0.001,"primal_objective":[220.6892182058392,220.6700870447244],"l_inf_primal_residual":[0.004882967116497383,6.117969464369821e-10],"relative_optimality_gap":[0.0006683222927846486,2.197975077413988e-11],"D1_condition_number":[1.0,1.0],"last_iteration":1,"total_time":58.18108296394348,"l_inf_dual_residual":[0.0007395885962896513,1.9225925972782276e-11],"blackbox_time":[0.6920490264892578,57.47358703613281],"candidate_type":"POINT_TYPE_AVERAGE_ITERATE"}