{"relative_l_inf_primal_residual":[0.0024414835582486916,3.672662174381003e-11],"instance":"/nfs/sloanlab007/projects/pdopt_proj/instances/lp/miplib2017/ex1010-pi.mps.gz","time_sec_limit":3600,"dual_objective":[220.39376429337426,220.67008704468685],"max_iter":1000.0,"relative_l_inf_dual_residual":[0.00036979429814482567,1.3224466806322594e-13],"objective_tol":1.0e-8,"termination_reason":["TERMINATION_REASON_OPTIMAL","TERMINATION_REASON_OPTIMAL"],"D2_condition_number":[1.0,1.0],"alpha":101.0,"initial_tol":0.001,"primal_objective":[220.6892182058392,220.67008704481958],"l_inf_primal_residual":[0.004882967116497383,7.345324348762006e-11],"relative_optimality_gap":[0.0006683222927846486,3.0006178686616256e-13],"D1_condition_number":[1.0,1.0],"last_iteration":1,"total_time":50.54840707778931,"l_inf_dual_residual":[0.0007395885962896513,2.644893361264519e-13],"blackbox_time":[0.4769480228424072,50.04229211807251],"candidate_type":"POINT_TYPE_AVERAGE_ITERATE"}