{"relative_l_inf_primal_residual":[0.0001845071878029415,6.645353127809906e-12],"instance":"/nfs/sloanlab007/projects/pdopt_proj/instances/lp/miplib2017/fhnw-schedule-pairb200.mps.gz","time_sec_limit":3600,"dual_objective":[-73.83431322109477,-73.82647920904083],"max_iter":1000.0,"relative_l_inf_dual_residual":[6.226009739336557e-6,2.3829325494461144e-16],"objective_tol":1.0e-8,"termination_reason":["TERMINATION_REASON_OPTIMAL","TERMINATION_REASON_OPTIMAL"],"D2_condition_number":[1.0,1.0],"alpha":1.01,"initial_tol":0.001,"primal_objective":[-73.81055902551383,-73.82647920904051],"l_inf_primal_residual":[0.000922436994227338,3.3223201967302884e-11],"relative_optimality_gap":[0.00015980501191820298,2.103145521363646e-15],"D1_condition_number":[1.0,1.0],"last_iteration":1,"total_time":3.285032033920288,"l_inf_dual_residual":[1.24102465868212e-5,4.749877012164786e-16],"blackbox_time":[1.2036511898040771,1.9893338680267334],"candidate_type":"POINT_TYPE_AVERAGE_ITERATE"}