{"relative_l_inf_primal_residual":[0.0001845071878029415,2.6648210692709347e-16],"instance":"/nfs/sloanlab007/projects/pdopt_proj/instances/lp/miplib2017/fhnw-schedule-pairb200.mps.gz","time_sec_limit":3600,"dual_objective":[-73.83431322109477,-73.82647920904051],"max_iter":1000.0,"relative_l_inf_dual_residual":[6.226009739336557e-6,5.099304361682336e-21],"objective_tol":1.0e-8,"termination_reason":["TERMINATION_REASON_OPTIMAL","TERMINATION_REASON_OPTIMAL"],"D2_condition_number":[1.0,1.0],"alpha":11.0,"initial_tol":0.001,"primal_objective":[-73.81055902551383,-73.82647920904051],"l_inf_primal_residual":[0.000922436994227338,1.3322676295501878e-15],"relative_optimality_gap":[0.00015980501191820298,0.0],"D1_condition_number":[1.0,1.0],"last_iteration":1,"total_time":3.787283182144165,"l_inf_dual_residual":[1.24102465868212e-5,1.0164395367051604e-20],"blackbox_time":[1.6150100231170654,1.8942139148712158],"candidate_type":"POINT_TYPE_AVERAGE_ITERATE"}