{"relative_l_inf_primal_residual":[0.0001845071878029415,8.1721179457642e-15],"instance":"/nfs/sloanlab007/projects/pdopt_proj/instances/lp/miplib2017/fhnw-schedule-pairb200.mps.gz","time_sec_limit":3600,"dual_objective":[-73.83431322109477,-73.82647920904051],"max_iter":1000.0,"relative_l_inf_dual_residual":[6.226009739336557e-6,1.0875328906362931e-18],"objective_tol":1.0e-8,"termination_reason":["TERMINATION_REASON_OPTIMAL","TERMINATION_REASON_OPTIMAL"],"D2_condition_number":[1.0,1.0],"alpha":101.0,"initial_tol":0.001,"primal_objective":[-73.81055902551383,-73.82647920904051],"l_inf_primal_residual":[0.000922436994227338,4.085620730620576e-14],"relative_optimality_gap":[0.00015980501191820298,0.0],"D1_condition_number":[1.0,1.0],"last_iteration":1,"total_time":3.8205909729003906,"l_inf_dual_residual":[1.24102465868212e-5,2.167769070260568e-18],"blackbox_time":[1.5985639095306396,2.1620559692382812],"candidate_type":"POINT_TYPE_AVERAGE_ITERATE"}