{"relative_l_inf_primal_residual":[0.0032705511161086913,7.465692622449185e-14,7.465692622449185e-14],"instance":"/nfs/sloanlab007/projects/pdopt_proj/instances/lp/miplib2017/hgms30.mps.gz","time_sec_limit":3600,"dual_objective":[-57276.65114776313,-354875.9375,-354875.9375],"max_iter":1000.0,"relative_l_inf_dual_residual":[0.00033614738633315245,15.25481802857546,15.25481802857546],"objective_tol":1.0e-8,"termination_reason":["TERMINATION_REASON_OPTIMAL","TERMINATION_REASON_TIME_LIMIT","TERMINATION_REASON_TIME_LIMIT"],"D2_condition_number":[1.0,4.759878926862836,2068.696242033284],"alpha":11.0,"initial_tol":0.001,"primal_objective":[-57372.7288237421,-16503.35166307931,-16503.35166307931],"l_inf_primal_residual":[15.243221114403582,3.4795726890080036e-10,3.4795726890080036e-10],"relative_optimality_gap":[0.0008380057353743795,0.9111215530567258,0.9111215530567258],"D1_condition_number":[1.0,167.6754322584394,167.6754322584394],"last_iteration":2,"total_time":3605.0780181884766,"l_inf_dual_residual":[0.0003469041026958133,15.742972205489876,15.742972205489876],"blackbox_time":[26.51582908630371,3575.5021579265594,2.709662914276123],"candidate_type":"POINT_TYPE_AVERAGE_ITERATE"}