{"relative_l_inf_primal_residual":[0.0032705511161086913,8.525037434848012e-14,8.525037434848012e-14],"instance":"/nfs/sloanlab007/projects/pdopt_proj/instances/lp/miplib2017/hgms30.mps.gz","time_sec_limit":3600,"dual_objective":[-57276.65114776313,-27859.5859375,-27859.5859375],"max_iter":1000.0,"relative_l_inf_dual_residual":[0.00033614738633315245,0.01925894522008987,0.01925894522008987],"objective_tol":1.0e-8,"termination_reason":["TERMINATION_REASON_OPTIMAL","TERMINATION_REASON_TIME_LIMIT","TERMINATION_REASON_TIME_LIMIT"],"D2_condition_number":[1.0,1.0,1.0],"alpha":1.01,"initial_tol":0.001,"primal_objective":[-57372.7288237421,-17277.11862625469,-17277.11862625469],"l_inf_primal_residual":[15.243221114403582,3.973306822446787e-10,3.973306822446787e-10],"relative_optimality_gap":[0.0008380057353743795,0.23444850405049103,0.23444850405049103],"D1_condition_number":[1.0,15.395653325547618,15.395653325547617],"last_iteration":2,"total_time":3605.1608560085297,"l_inf_dual_residual":[0.0003469041026958133,0.019875231467132746,0.019875231467132746],"blackbox_time":[27.36572504043579,3574.3025851249695,2.562252998352051],"candidate_type":"POINT_TYPE_AVERAGE_ITERATE"}