{"relative_l_inf_primal_residual":[0.0032705511161086913,4.9040824534115557e-14,4.9040824534115557e-14],"instance":"/nfs/sloanlab007/projects/pdopt_proj/instances/lp/miplib2017/hgms30.mps.gz","time_sec_limit":3600,"dual_objective":[-57276.65114776313,-27854.171875,-27854.171875],"max_iter":1000.0,"relative_l_inf_dual_residual":[0.00033614738633315245,0.019250082889949123,0.019250082889949123],"objective_tol":1.0e-8,"termination_reason":["TERMINATION_REASON_OPTIMAL","TERMINATION_REASON_TIME_LIMIT","TERMINATION_REASON_TIME_LIMIT"],"D2_condition_number":[1.0,43.70434287392241,447.45731571930816],"alpha":101.0,"initial_tol":0.001,"primal_objective":[-57372.7288237421,-17969.77269807854,-17969.77269807854],"l_inf_primal_residual":[15.243221114403582,2.2856702294737907e-10,2.2856702294737907e-10],"relative_optimality_gap":[0.0008380057353743795,0.21569909727132314,0.21569909727132314],"D1_condition_number":[1.0,1539.5653325547619,1539.5653325547619],"last_iteration":2,"total_time":3605.0016751289368,"l_inf_dual_residual":[0.0003469041026958133,0.019866085542427494,0.019866085542427494],"blackbox_time":[26.577083110809326,3575.4851112365723,2.5864789485931396],"candidate_type":"POINT_TYPE_AVERAGE_ITERATE"}