{"relative_l_inf_primal_residual":[0.0032705511161086913,7.339670540242293e-14,7.339670540242293e-14],"instance":"/nfs/sloanlab007/projects/pdopt_proj/instances/lp/miplib2017/hgms30.mps.gz","time_sec_limit":3600,"dual_objective":[-57276.65114776313,-27830.4765625,-27830.4765625],"max_iter":1000.0,"relative_l_inf_dual_residual":[0.00033614738633315245,0.019243166254404198,0.019243166254404198],"objective_tol":1.0e-8,"termination_reason":["TERMINATION_REASON_OPTIMAL","TERMINATION_REASON_TIME_LIMIT","TERMINATION_REASON_TIME_LIMIT"],"D2_condition_number":[1.0,1.0,1.0],"alpha":1.1,"initial_tol":0.001,"primal_objective":[-57372.7288237421,-17367.29442674553,-17367.29442674553],"l_inf_primal_residual":[15.243221114403582,3.4208369470434263e-10,3.4208369470434263e-10],"relative_optimality_gap":[0.0008380057353743795,0.23149262483805255,0.23149262483805255],"D1_condition_number":[1.0,16.76754322584394,16.76754322584394],"last_iteration":2,"total_time":3605.582904815674,"l_inf_dual_residual":[0.0003469041026958133,0.019858947574545132,0.019858947574545132],"blackbox_time":[27.086752891540527,3575.166559934616,2.8623108863830566],"candidate_type":"POINT_TYPE_AVERAGE_ITERATE"}