{"relative_l_inf_primal_residual":[0.0009348583305708313,2.049667102710373e-10],"instance":"/nfs/sloanlab007/projects/pdopt_proj/instances/lp/miplib2017/iis-hc-cov.mps.gz","time_sec_limit":3600,"dual_objective":[9.497260340238666,9.517060774072934],"max_iter":1000.0,"relative_l_inf_dual_residual":[3.028551945067496e-6,1.4573402921956092e-14],"objective_tol":1.0e-8,"termination_reason":["TERMINATION_REASON_OPTIMAL","TERMINATION_REASON_OPTIMAL"],"D2_condition_number":[1.0,1.0],"alpha":11.0,"initial_tol":0.001,"primal_objective":[9.516064126450024,9.517060774196068],"l_inf_primal_residual":[0.0018697166611416627,4.099334205420746e-10],"relative_optimality_gap":[0.000939563351538899,6.146189294942438e-12],"D1_condition_number":[1.0,1.0],"last_iteration":1,"total_time":59.940711975097656,"l_inf_dual_residual":[6.057103890134992e-6,2.9146805843912184e-14],"blackbox_time":[2.627485990524292,57.29937291145325],"candidate_type":"POINT_TYPE_AVERAGE_ITERATE"}