{"relative_l_inf_primal_residual":[0.0009348583305708313,1.5283354581896447e-9],"instance":"/nfs/sloanlab007/projects/pdopt_proj/instances/lp/miplib2017/iis-hc-cov.mps.gz","time_sec_limit":3600,"dual_objective":[9.497260340238666,9.517060770628175],"max_iter":1000.0,"relative_l_inf_dual_residual":[3.028551945067496e-6,4.858224725510634e-13],"objective_tol":1.0e-8,"termination_reason":["TERMINATION_REASON_OPTIMAL","TERMINATION_REASON_OPTIMAL"],"D2_condition_number":[1.0,1.0],"alpha":1.1,"initial_tol":0.001,"primal_objective":[9.516064126450024,9.5170607745405],"l_inf_primal_residual":[0.0018697166611416627,3.0566709163792893e-9],"relative_optimality_gap":[0.000939563351538899,1.952830663235485e-10],"D1_condition_number":[1.0,1.0],"last_iteration":1,"total_time":52.51743984222412,"l_inf_dual_residual":[6.057103890134992e-6,9.716449451021268e-13],"blackbox_time":[1.664867877960205,50.83646607398987],"candidate_type":"POINT_TYPE_AVERAGE_ITERATE"}