{"relative_l_inf_primal_residual":[0.0009348583305708313,6.291283605186493e-10],"instance":"/nfs/sloanlab007/projects/pdopt_proj/instances/lp/miplib2017/iis-hc-cov.mps.gz","time_sec_limit":3600,"dual_objective":[9.497260340238666,9.517060765517854],"max_iter":1000.0,"relative_l_inf_dual_residual":[3.028551945067496e-6,1.1022305850004655e-12],"objective_tol":1.0e-8,"termination_reason":["TERMINATION_REASON_OPTIMAL","TERMINATION_REASON_OPTIMAL"],"D2_condition_number":[1.0,1.0],"alpha":1.01,"initial_tol":0.001,"primal_objective":[9.516064126450024,9.517060774502884],"l_inf_primal_residual":[0.0018697166611416627,1.2582567210372986e-9],"relative_optimality_gap":[0.000939563351538899,4.4848632825113495e-10],"D1_condition_number":[1.0,1.0],"last_iteration":1,"total_time":60.23359203338623,"l_inf_dual_residual":[6.057103890134992e-6,2.204461170000931e-12],"blackbox_time":[2.5868589878082275,57.63289403915405],"candidate_type":"POINT_TYPE_AVERAGE_ITERATE"}