{"relative_l_inf_primal_residual":[0.00014382648798538789,6.75460958689917e-7,6.75460958689917e-7],"instance":"/nfs/sloanlab007/projects/pdopt_proj/instances/lp/miplib2017/neos-872648.mps.gz","time_sec_limit":3600,"dual_objective":[3.2463977678719402,1.6686043739318848,1.6686043739318848],"max_iter":1000.0,"relative_l_inf_dual_residual":[1.6437936083161997e-8,0.0,0.0],"objective_tol":1.0e-8,"termination_reason":["TERMINATION_REASON_OPTIMAL","TERMINATION_REASON_TIME_LIMIT","TERMINATION_REASON_TIME_LIMIT"],"D2_condition_number":[1.0,1.0,1.0],"alpha":1.01,"initial_tol":0.001,"primal_objective":[3.25169956730715,3.355569869319271,3.355569869319271],"l_inf_primal_residual":[0.00028765297597077577,1.350921917379834e-6,1.350921917379834e-6],"relative_optimality_gap":[0.0007070859710416358,0.2800326529859728,0.2800326529859728],"D1_condition_number":[1.0,1.0,1.0],"last_iteration":2,"total_time":3602.9887540340424,"l_inf_dual_residual":[1.0215509879699787e-7,0.0,0.0],"blackbox_time":[5.609992980957031,3595.6069190502167,1.5150890350341797],"candidate_type":"POINT_TYPE_AVERAGE_ITERATE"}