{"relative_l_inf_primal_residual":[0.00010779274995389998,5.782303848097103e-13],"instance":"/nfs/sloanlab007/projects/pdopt_proj/instances/lp/miplib2017/neos-3755335-nizao.mps.gz","time_sec_limit":3600,"dual_objective":[50.03206191648141,50.0301565325978],"max_iter":1000.0,"relative_l_inf_dual_residual":[1.4632340243448807e-6,1.8050633337896953e-15],"objective_tol":1.0e-8,"termination_reason":["TERMINATION_REASON_OPTIMAL","TERMINATION_REASON_OPTIMAL"],"D2_condition_number":[1.0,1.0],"alpha":101.0,"initial_tol":0.001,"primal_objective":[50.07891038723941,50.030156531560806],"l_inf_primal_residual":[0.10811612820376168,5.799650759641395e-10],"relative_optimality_gap":[0.00046333716005890263,1.0261144645568038e-11],"D1_condition_number":[1.0,10.91972894857993],"last_iteration":1,"total_time":7.0928449630737305,"l_inf_dual_residual":[1.0176856185523794e-5,1.2554293877880827e-14],"blackbox_time":[2.2110390663146973,4.814718008041382],"candidate_type":"POINT_TYPE_AVERAGE_ITERATE"}