{"relative_l_inf_primal_residual":[0.0005109618340290925,3.8440028060667076e-14],"instance":"/nfs/sloanlab007/projects/pdopt_proj/instances/lp/miplib2017/neos-3695882-vesdre.mps.gz","time_sec_limit":3600,"dual_objective":[-145981.65032998446,-145935.21428575547],"max_iter":1000.0,"relative_l_inf_dual_residual":[0.0004567854050559553,1.884856853928696e-12],"objective_tol":1.0e-8,"termination_reason":["TERMINATION_REASON_OPTIMAL","TERMINATION_REASON_OPTIMAL"],"D2_condition_number":[1.0,9.83623850477264],"alpha":101.0,"initial_tol":0.001,"primal_objective":[-145944.516845647,-145935.21428571476],"l_inf_primal_residual":[15.329365982706804,1.153239281848073e-9],"relative_optimality_gap":[0.00012720119438253323,1.3950066646896996e-13],"D1_condition_number":[1.0,1548.2659642533874],"last_iteration":1,"total_time":4.874139785766602,"l_inf_dual_residual":[0.0009135708101119105,3.769713707857392e-12],"blackbox_time":[1.8406360149383545,2.9441981315612793],"candidate_type":"POINT_TYPE_AVERAGE_ITERATE"}