{"relative_l_inf_primal_residual":[0.00014382648798538789,5.000000413701855e-11],"instance":"/nfs/sloanlab007/projects/pdopt_proj/instances/lp/miplib2017/neos-872648.mps.gz","time_sec_limit":3600,"dual_objective":[3.2463977678719402,3.3555662399932924],"max_iter":1000.0,"relative_l_inf_dual_residual":[1.6437936083161997e-8,0.0],"objective_tol":1.0e-8,"termination_reason":["TERMINATION_REASON_OPTIMAL","TERMINATION_REASON_OPTIMAL"],"D2_condition_number":[1.0,1.0],"alpha":101.0,"initial_tol":0.001,"primal_objective":[3.25169956730715,3.3555662869425564],"l_inf_primal_residual":[0.00028765297597077577,1.000000082740371e-10],"relative_optimality_gap":[0.0007070859710416358,6.088504362755766e-9],"D1_condition_number":[1.0,1.0],"last_iteration":1,"total_time":3581.1024990081787,"l_inf_dual_residual":[1.0215509879699787e-7,0.0],"blackbox_time":[5.910449981689453,3575.043832063675],"candidate_type":"POINT_TYPE_AVERAGE_ITERATE"}