{"relative_l_inf_primal_residual":[0.011216519765725685,4.776588014010485e-10],"instance":"/nfs/sloanlab007/projects/pdopt_proj/instances/lp/miplib2017/neos-4966258-blicks.mps.gz","time_sec_limit":3600,"dual_objective":[352.70827461388575,354.5454545572661],"max_iter":1000.0,"relative_l_inf_dual_residual":[0.0082736651845251,2.5042097909211414e-10],"objective_tol":1.0e-8,"termination_reason":["TERMINATION_REASON_OPTIMAL","TERMINATION_REASON_OPTIMAL"],"D2_condition_number":[1.0,1.0],"alpha":1.1,"initial_tol":0.001,"primal_objective":[353.2654040799949,354.54545450216403],"l_inf_primal_residual":[0.02243303953145137,9.55317602802097e-10],"relative_optimality_gap":[0.0007880483855331315,7.75986241542128e-11],"D1_condition_number":[1.0,1.0],"last_iteration":1,"total_time":10.814605951309204,"l_inf_dual_residual":[0.0165473303690502,5.008419581842283e-10],"blackbox_time":[4.65022611618042,5.544981002807617],"candidate_type":"POINT_TYPE_AVERAGE_ITERATE"}