{"relative_l_inf_primal_residual":[0.011216519765725685,2.5697461936147192e-9],"instance":"/nfs/sloanlab007/projects/pdopt_proj/instances/lp/miplib2017/neos-4966258-blicks.mps.gz","time_sec_limit":3600,"dual_objective":[352.70827461388575,354.5454545234192],"max_iter":1000.0,"relative_l_inf_dual_residual":[0.0082736651845251,4.810504481006641e-11],"objective_tol":1.0e-8,"termination_reason":["TERMINATION_REASON_OPTIMAL","TERMINATION_REASON_OPTIMAL"],"D2_condition_number":[1.0,1.0],"alpha":1.01,"initial_tol":0.001,"primal_objective":[353.2654040799949,354.5454543389068],"l_inf_primal_residual":[0.02243303953145137,5.1394923872294385e-9],"relative_optimality_gap":[0.0007880483855331315,2.598433917696061e-10],"D1_condition_number":[1.0,1.0],"last_iteration":1,"total_time":10.034903049468994,"l_inf_dual_residual":[0.0165473303690502,9.621008962013282e-11],"blackbox_time":[4.350609064102173,5.131284952163696],"candidate_type":"POINT_TYPE_AVERAGE_ITERATE"}