{"relative_l_inf_primal_residual":[0.0008123023197925562,1.6334065231513615e-11],"instance":"/nfs/sloanlab007/projects/pdopt_proj/instances/lp/miplib2017/neos-827175.mps.gz","time_sec_limit":3600,"dual_objective":[111.90151630341464,112.00151999990183],"max_iter":1000.0,"relative_l_inf_dual_residual":[6.105780475444237e-6,3.9615730943083627e-17],"objective_tol":1.0e-8,"termination_reason":["TERMINATION_REASON_OPTIMAL","TERMINATION_REASON_OPTIMAL"],"D2_condition_number":[1.0,1.0],"alpha":11.0,"initial_tol":0.001,"primal_objective":[111.8671974967387,112.00152000286197],"l_inf_primal_residual":[0.09016555749697375,1.8130812406980112e-9],"relative_optimality_gap":[0.00015268498046598508,1.3155978905862483e-11],"D1_condition_number":[1.0,1.0],"last_iteration":1,"total_time":80.7054328918457,"l_inf_dual_residual":[1.2211560950888474e-5,7.923146188616725e-17],"blackbox_time":[4.281764984130859,76.40878701210022],"candidate_type":"POINT_TYPE_AVERAGE_ITERATE"}