{"relative_l_inf_primal_residual":[0.023882281249662535,4.925737595584678e-12],"instance":"/nfs/sloanlab007/projects/pdopt_proj/instances/lp/miplib2017/neos-2629914-sudost.mps.gz","time_sec_limit":3600,"dual_objective":[39548.77062708147,39621.9999997577],"max_iter":1000.0,"relative_l_inf_dual_residual":[6.571199696168849e-8,3.408688973715202e-14],"objective_tol":1.0e-8,"termination_reason":["TERMINATION_REASON_OPTIMAL","TERMINATION_REASON_OPTIMAL"],"D2_condition_number":[1.0,1.0],"alpha":101.0,"initial_tol":0.001,"primal_objective":[39622.00000000001,39622.0],"l_inf_primal_residual":[0.4776456249932507,9.851475191169357e-11],"relative_optimality_gap":[0.0009249429732153988,3.0575640672681317e-12],"D1_condition_number":[1.0,48.242208124318324],"last_iteration":1,"total_time":3.349497079849243,"l_inf_dual_residual":[1.3142399392337699e-6,6.817377947430404e-13],"blackbox_time":[0.7200448513031006,2.576914072036743],"candidate_type":"POINT_TYPE_AVERAGE_ITERATE"}