{"relative_l_inf_primal_residual":[0.023882281249662535,8.826361863611965e-12],"instance":"/nfs/sloanlab007/projects/pdopt_proj/instances/lp/miplib2017/neos-2629914-sudost.mps.gz","time_sec_limit":3600,"dual_objective":[39548.77062708147,39621.99999954272],"max_iter":1000.0,"relative_l_inf_dual_residual":[6.571199696168849e-8,5.334341189185371e-14],"objective_tol":1.0e-8,"termination_reason":["TERMINATION_REASON_OPTIMAL","TERMINATION_REASON_OPTIMAL"],"D2_condition_number":[1.0,1.0],"alpha":1.01,"initial_tol":0.001,"primal_objective":[39622.00000000001,39622.0],"l_inf_primal_residual":[0.4776456249932507,1.765272372722393e-10],"relative_optimality_gap":[0.0009249429732153988,5.770450932410104e-12],"D1_condition_number":[1.0,1.0],"last_iteration":1,"total_time":3.1806821823120117,"l_inf_dual_residual":[1.3142399392337699e-6,1.0668682378370742e-12],"blackbox_time":[0.8075439929962158,2.3372128009796143],"candidate_type":"POINT_TYPE_AVERAGE_ITERATE"}