{"relative_l_inf_primal_residual":[5.3588470335334614e-6,3.242074392312417e-14],"instance":"/nfs/sloanlab007/projects/pdopt_proj/instances/lp/miplib2017/neos-1354092.mps.gz","time_sec_limit":3600,"dual_objective":[13.263813890318062,13.28571428246685],"max_iter":1000.0,"relative_l_inf_dual_residual":[1.3726678414368728e-5,6.667458291137701e-13],"objective_tol":1.0e-8,"termination_reason":["TERMINATION_REASON_OPTIMAL","TERMINATION_REASON_OPTIMAL"],"D2_condition_number":[1.0,1.0],"alpha":101.0,"initial_tol":0.001,"primal_objective":[13.286012258737923,13.285714285699726],"l_inf_primal_residual":[0.0010664105596731588,6.45172804070171e-12],"relative_optimality_gap":[0.0008057534846049062,1.1725454460232725e-10],"D1_condition_number":[1.0,1.0],"last_iteration":1,"total_time":11.548155069351196,"l_inf_dual_residual":[2.7453356828737456e-5,1.3334916582275402e-12],"blackbox_time":[2.2828450202941895,9.252729177474976],"candidate_type":"POINT_TYPE_AVERAGE_ITERATE"}