{"relative_l_inf_primal_residual":[3.415261285277265e-5,1.8924079928154815e-7,1.8924079928154815e-7],"instance":"/nfs/sloanlab007/projects/pdopt_proj/instances/lp/miplib2017/neos-2746589-doon.mps.gz","time_sec_limit":3600,"dual_objective":[1982.9151075980672,1985.7497217059179,1985.7497217059179],"max_iter":1000.0,"relative_l_inf_dual_residual":[1.5827094516412922e-7,1.4332611121649297e-15,1.4332611121649297e-15],"objective_tol":1.0e-8,"termination_reason":["TERMINATION_REASON_OPTIMAL","TERMINATION_REASON_TIME_LIMIT","TERMINATION_REASON_TIME_LIMIT"],"D2_condition_number":[1.0,1.0,1.0],"alpha":11.0,"initial_tol":0.001,"primal_objective":[1986.1231265260699,1985.7566767910587,1985.7566767910587],"l_inf_primal_residual":[0.37663501454037673,0.002086947534476913,0.002086947534476913],"relative_optimality_gap":[0.000808057438950705,1.7508052708104296e-6,1.7508052708104296e-6],"D1_condition_number":[1.0,4.142985159944144,4.142985159944143],"last_iteration":2,"total_time":3601.6143038272858,"l_inf_dual_residual":[3.73519430587345e-6,3.3824962247092343e-14,3.3824962247092343e-14],"blackbox_time":[5.67195200920105,3595.0400080680847,0.85453200340271],"candidate_type":"POINT_TYPE_AVERAGE_ITERATE"}