{"relative_l_inf_primal_residual":[5.3588470335334614e-6,3.127816263948984e-14],"instance":"/nfs/sloanlab007/projects/pdopt_proj/instances/lp/miplib2017/neos-1354092.mps.gz","time_sec_limit":3600,"dual_objective":[13.263813890318062,13.285714277282102],"max_iter":1000.0,"relative_l_inf_dual_residual":[1.3726678414368728e-5,5.012594631498323e-12],"objective_tol":1.0e-8,"termination_reason":["TERMINATION_REASON_OPTIMAL","TERMINATION_REASON_OPTIMAL"],"D2_condition_number":[1.0,1.0],"alpha":1.1,"initial_tol":0.001,"primal_objective":[13.286012258737923,13.285714285717223],"l_inf_primal_residual":[0.0010664105596731588,6.224354365258478e-12],"relative_optimality_gap":[0.0008057534846049062,3.0593703285330584e-10],"D1_condition_number":[1.0,1.0],"last_iteration":1,"total_time":10.970559120178223,"l_inf_dual_residual":[2.7453356828737456e-5,1.0025189262996646e-11],"blackbox_time":[2.4810190200805664,8.476670980453491],"candidate_type":"POINT_TYPE_AVERAGE_ITERATE"}