{"relative_l_inf_primal_residual":[5.3588470335334614e-6,6.327043858125113e-14],"instance":"/nfs/sloanlab007/projects/pdopt_proj/instances/lp/miplib2017/neos-1354092.mps.gz","time_sec_limit":3600,"dual_objective":[13.263813890318062,13.285714280905983],"max_iter":1000.0,"relative_l_inf_dual_residual":[1.3726678414368728e-5,9.985301659888482e-13],"objective_tol":1.0e-8,"termination_reason":["TERMINATION_REASON_OPTIMAL","TERMINATION_REASON_OPTIMAL"],"D2_condition_number":[1.0,1.0],"alpha":11.0,"initial_tol":0.001,"primal_objective":[13.286012258737923,13.285714285744595],"l_inf_primal_residual":[0.0010664105596731588,1.2590817277668975e-11],"relative_optimality_gap":[0.0008057534846049062,1.7549367373976396e-10],"D1_condition_number":[1.0,1.0],"last_iteration":1,"total_time":11.905393838882446,"l_inf_dual_residual":[2.7453356828737456e-5,1.9970603319776964e-12],"blackbox_time":[2.761446952819824,9.13118600845337],"candidate_type":"POINT_TYPE_AVERAGE_ITERATE"}