{"relative_l_inf_primal_residual":[0.0005109618340290925,3.819750422432218e-14],"instance":"/nfs/sloanlab007/projects/pdopt_proj/instances/lp/miplib2017/neos-3695882-vesdre.mps.gz","time_sec_limit":3600,"dual_objective":[-145981.65032998446,-145935.21428575437],"max_iter":1000.0,"relative_l_inf_dual_residual":[0.0004567854050559553,1.3649151253680714e-13],"objective_tol":1.0e-8,"termination_reason":["TERMINATION_REASON_OPTIMAL","TERMINATION_REASON_OPTIMAL"],"D2_condition_number":[1.0,1.0],"alpha":1.1,"initial_tol":0.001,"primal_objective":[-145944.516845647,-145935.21428571496],"l_inf_primal_residual":[15.329365982706804,1.1459633242338896e-9],"relative_optimality_gap":[0.00012720119438253323,1.35013511364536e-13],"D1_condition_number":[1.0,16.862302580977488],"last_iteration":1,"total_time":5.710596084594727,"l_inf_dual_residual":[0.0009135708101119105,2.7298302507361427e-13],"blackbox_time":[1.8826079368591309,3.738769054412842],"candidate_type":"POINT_TYPE_AVERAGE_ITERATE"}