{"relative_l_inf_primal_residual":[0.00010779274995389998,6.9394520040557984e-12],"instance":"/nfs/sloanlab007/projects/pdopt_proj/instances/lp/miplib2017/neos-3755335-nizao.mps.gz","time_sec_limit":3600,"dual_objective":[50.03206191648141,50.03015653252194],"max_iter":1000.0,"relative_l_inf_dual_residual":[1.4632340243448807e-6,7.437871180212903e-14],"objective_tol":1.0e-8,"termination_reason":["TERMINATION_REASON_OPTIMAL","TERMINATION_REASON_OPTIMAL"],"D2_condition_number":[1.0,1.0],"alpha":1.1,"initial_tol":0.001,"primal_objective":[50.07891038723941,50.03015653306109],"l_inf_primal_residual":[0.10811612820376168,6.960270360067966e-9],"relative_optimality_gap":[0.00046333716005890263,5.334889638528733e-12],"D1_condition_number":[1.0,1.0],"last_iteration":1,"total_time":6.254996061325073,"l_inf_dual_residual":[1.0176856185523794e-5,5.173071707471308e-13],"blackbox_time":[1.3637480735778809,4.82773494720459],"candidate_type":"POINT_TYPE_AVERAGE_ITERATE"}