{"relative_l_inf_primal_residual":[0.00010779274995389998,2.0978789769949405e-12],"instance":"/nfs/sloanlab007/projects/pdopt_proj/instances/lp/miplib2017/neos-3755335-nizao.mps.gz","time_sec_limit":3600,"dual_objective":[50.03206191648141,50.030156532583945],"max_iter":1000.0,"relative_l_inf_dual_residual":[1.4632340243448807e-6,1.3486296424894138e-14],"objective_tol":1.0e-8,"termination_reason":["TERMINATION_REASON_OPTIMAL","TERMINATION_REASON_OPTIMAL"],"D2_condition_number":[1.0,1.0],"alpha":11.0,"initial_tol":0.001,"primal_objective":[50.07891038723941,50.03015652539478],"l_inf_primal_residual":[0.10811612820376168,2.1041726139259254e-9],"relative_optimality_gap":[0.00046333716005890263,7.113736937353317e-11],"D1_condition_number":[1.0,1.1892774102413786],"last_iteration":1,"total_time":6.196855068206787,"l_inf_dual_residual":[1.0176856185523794e-5,9.379777732611164e-14],"blackbox_time":[1.3697478771209717,4.4386351108551025],"candidate_type":"POINT_TYPE_AVERAGE_ITERATE"}