{"relative_l_inf_primal_residual":[0.00147682222738345,1.9042611906375635e-7,1.9042611906375635e-7],"instance":"/nfs/sloanlab007/projects/pdopt_proj/instances/lp/miplib2017/neos-4760493-puerua.mps.gz","time_sec_limit":3600,"dual_objective":[1912.3798565638317,1908.2124910017308,1908.2124910017308],"max_iter":1000.0,"relative_l_inf_dual_residual":[2.1024133631420833e-6,3.4337583768243207e-14,3.4337583768243207e-14],"objective_tol":1.0e-8,"termination_reason":["TERMINATION_REASON_OPTIMAL","TERMINATION_REASON_TIME_LIMIT","TERMINATION_REASON_TIME_LIMIT"],"D2_condition_number":[1.0,1.0,1.0],"alpha":1.1,"initial_tol":0.001,"primal_objective":[1910.4818021397875,1908.2433840923366,1908.2433840923366],"l_inf_primal_residual":[0.0206755111833683,2.665965666892589e-6,2.665965666892589e-6],"relative_optimality_gap":[0.0004963711016385624,8.092586166441403e-6,8.092586166441403e-6],"D1_condition_number":[1.0,1.0,1.0],"last_iteration":2,"total_time":3602.5564439296722,"l_inf_dual_residual":[0.003971542652987381,6.486506456194401e-11,6.486506456194401e-11],"blackbox_time":[270.573303937912,3330.61093211174,1.047360897064209],"candidate_type":"POINT_TYPE_AVERAGE_ITERATE"}