{"relative_l_inf_primal_residual":[1.741025392877058e-8],"instance":"/nfs/sloanlab007/projects/pdopt_proj/instances/lp/miplib2017/neos-2746589-doon.mps.gz","time_sec_limit":3600,"dual_objective":[1985.7499353130636],"max_iter":0.0,"relative_l_inf_dual_residual":[2.325517311593858e-12],"objective_tol":1.0e-8,"termination_reason":["TERMINATION_REASON_OPTIMAL"],"D2_condition_number":[1.0],"alpha":1.1,"initial_tol":1.0e-8,"primal_objective":[1985.7499598209388],"l_inf_primal_residual":[0.00019200028032648198],"relative_optimality_gap":[6.169383472090933e-9],"D1_condition_number":[1.0],"last_iteration":0,"total_time":8.365977048873901,"l_inf_dual_residual":[5.488220855361505e-11],"blackbox_time":[8.357938051223755],"candidate_type":"POINT_TYPE_AVERAGE_ITERATE"}