{"relative_l_inf_primal_residual":[3.415261285277265e-5,3.0571015869829703e-6,3.0571015869829703e-6],"instance":"/nfs/sloanlab007/projects/pdopt_proj/instances/lp/miplib2017/neos-2746589-doon.mps.gz","time_sec_limit":3600,"dual_objective":[1982.9151075980672,1985.749846003252,1985.749846003252],"max_iter":1000.0,"relative_l_inf_dual_residual":[1.5827094516412922e-7,1.1280045880905585e-16,1.1280045880905585e-16],"objective_tol":1.0e-8,"termination_reason":["TERMINATION_REASON_OPTIMAL","TERMINATION_REASON_TIME_LIMIT","TERMINATION_REASON_TIME_LIMIT"],"D2_condition_number":[1.0,1.0,1.0],"alpha":1.1,"initial_tol":0.001,"primal_objective":[1986.1231265260699,1985.7749025613982,1985.7749025613982],"l_inf_primal_residual":[0.37663501454037673,0.0337137163012482,0.0337137163012482],"relative_optimality_gap":[0.000808057438950705,6.307464328627504e-6,6.307464328627504e-6],"D1_condition_number":[1.0,1.0,1.0],"last_iteration":2,"total_time":3601.369150876999,"l_inf_dual_residual":[3.73519430587345e-6,2.662090827893718e-15,2.662090827893718e-15],"blackbox_time":[6.061150074005127,3594.2527329921722,1.0090839862823486],"candidate_type":"POINT_TYPE_AVERAGE_ITERATE"}