{"relative_l_inf_primal_residual":[5.2525631425739205e-6,6.405442067908507e-15],"instance":"/nfs/sloanlab007/projects/pdopt_proj/instances/lp/miplib2017/neos-5221106-oparau.mps.gz","time_sec_limit":3600,"dual_objective":[-0.00013103225425150494,-3.812601789832115e-9],"max_iter":1000.0,"relative_l_inf_dual_residual":[3.4585931260468305e-9,3.699437502600735e-14],"objective_tol":1.0e-8,"termination_reason":["TERMINATION_REASON_OPTIMAL","TERMINATION_REASON_OPTIMAL"],"D2_condition_number":[1.0,1.0],"alpha":1.1,"initial_tol":0.001,"primal_objective":[0.0,0.0],"l_inf_primal_residual":[0.010516944552218632,1.2825296380469808e-11],"relative_optimality_gap":[0.0001310150870493079,3.812601775296183e-9],"D1_condition_number":[1.0,1.0],"last_iteration":1,"total_time":2.3364198207855225,"l_inf_dual_residual":[6.917186252093661e-9,7.39887500520147e-14],"blackbox_time":[0.9714670181274414,1.1353709697723389],"candidate_type":"POINT_TYPE_AVERAGE_ITERATE"}