{"relative_l_inf_primal_residual":[6.345564371079007e-5,2.22917432112786e-12],"instance":"/nfs/sloanlab007/projects/pdopt_proj/instances/lp/miplib2017/neos6.mps.gz","time_sec_limit":3600,"dual_objective":[82.87291492446586,82.99999999248767],"max_iter":1000.0,"relative_l_inf_dual_residual":[9.690774775986953e-5,3.6352232327314417e-12],"objective_tol":1.0e-8,"termination_reason":["TERMINATION_REASON_OPTIMAL","TERMINATION_REASON_OPTIMAL"],"D2_condition_number":[1.0,1.0],"alpha":11.0,"initial_tol":0.001,"primal_objective":[83.02078447484368,83.00000000030577],"l_inf_primal_residual":[0.005139907140573996,1.8056312001135666e-10],"relative_optimality_gap":[0.000886010382117706,4.6814980370693156e-11],"D1_condition_number":[1.0,1.0],"last_iteration":1,"total_time":6.444967031478882,"l_inf_dual_residual":[0.00019381549551973905,7.270446465462883e-12],"blackbox_time":[1.6650419235229492,4.764639854431152],"candidate_type":"POINT_TYPE_AVERAGE_ITERATE"}