{"relative_l_inf_primal_residual":[0.023882281249662535,1.207955957482909e-11],"instance":"/nfs/sloanlab007/projects/pdopt_proj/instances/lp/miplib2017/neos-2629914-sudost.mps.gz","time_sec_limit":3600,"dual_objective":[39548.77062708147,39621.99999975539],"max_iter":1000.0,"relative_l_inf_dual_residual":[6.571199696168849e-8,3.9919697694755075e-14],"objective_tol":1.0e-8,"termination_reason":["TERMINATION_REASON_OPTIMAL","TERMINATION_REASON_OPTIMAL"],"D2_condition_number":[1.0,1.0],"alpha":11.0,"initial_tol":0.001,"primal_objective":[39622.00000000001,39622.0],"l_inf_primal_residual":[0.4776456249932507,2.415911914965818e-10],"relative_optimality_gap":[0.0009249429732153988,3.0867615500282374e-12],"D1_condition_number":[1.0,5.254101874925758],"last_iteration":1,"total_time":4.046774864196777,"l_inf_dual_residual":[1.3142399392337699e-6,7.983939538951015e-13],"blackbox_time":[0.7188420295715332,3.291822910308838],"candidate_type":"POINT_TYPE_AVERAGE_ITERATE"}