{"relative_l_inf_primal_residual":[3.415261285277265e-5,7.648269042442202e-7,7.648269042442202e-7],"instance":"/nfs/sloanlab007/projects/pdopt_proj/instances/lp/miplib2017/neos-2746589-doon.mps.gz","time_sec_limit":3600,"dual_objective":[1982.9151075980672,1985.749901050791,1985.749901050791],"max_iter":1000.0,"relative_l_inf_dual_residual":[1.5827094516412922e-7,1.1830419211399192e-16,1.1830419211399192e-16],"objective_tol":1.0e-8,"termination_reason":["TERMINATION_REASON_OPTIMAL","TERMINATION_REASON_TIME_LIMIT","TERMINATION_REASON_TIME_LIMIT"],"D2_condition_number":[1.0,1.0,1.0],"alpha":1.01,"initial_tol":0.001,"primal_objective":[1986.1231265260699,1985.7588881822621,1985.7588881822621],"l_inf_primal_residual":[0.37663501454037673,0.00843451110000526,0.00843451110000526],"relative_optimality_gap":[0.000808057438950705,2.2623314252668767e-6,2.2623314252668767e-6],"D1_condition_number":[1.0,1.0,1.0],"last_iteration":2,"total_time":3601.4976058006287,"l_inf_dual_residual":[3.73519430587345e-6,2.7919789338902094e-15,2.7919789338902094e-15],"blackbox_time":[5.994947910308838,3594.6401607990265,0.816425085067749],"candidate_type":"POINT_TYPE_AVERAGE_ITERATE"}