{"relative_l_inf_primal_residual":[6.345564371079007e-5,2.07257421101935e-11],"instance":"/nfs/sloanlab007/projects/pdopt_proj/instances/lp/miplib2017/neos6.mps.gz","time_sec_limit":3600,"dual_objective":[82.87291492446586,82.99999999130691],"max_iter":1000.0,"relative_l_inf_dual_residual":[9.690774775986953e-5,8.586836157484928e-12],"objective_tol":1.0e-8,"termination_reason":["TERMINATION_REASON_OPTIMAL","TERMINATION_REASON_OPTIMAL"],"D2_condition_number":[1.0,1.0],"alpha":1.1,"initial_tol":0.001,"primal_objective":[83.02078447484368,83.00000000259779],"l_inf_primal_residual":[0.005139907140573996,1.6787851109256735e-9],"relative_optimality_gap":[0.000886010382117706,6.761005594615555e-11],"D1_condition_number":[1.0,1.0],"last_iteration":1,"total_time":5.948584794998169,"l_inf_dual_residual":[0.00019381549551973905,1.7173672314969857e-11],"blackbox_time":[1.2676208019256592,4.665804862976074],"candidate_type":"POINT_TYPE_AVERAGE_ITERATE"}