{"relative_l_inf_primal_residual":[0.023882281249662535,1.7590595646765906e-12],"instance":"/nfs/sloanlab007/projects/pdopt_proj/instances/lp/miplib2017/neos-2629914-sudost.mps.gz","time_sec_limit":3600,"dual_objective":[39548.77062708147,39621.99999992233],"max_iter":1000.0,"relative_l_inf_dual_residual":[6.571199696168849e-8,1.8192741099541534e-14],"objective_tol":1.0e-8,"termination_reason":["TERMINATION_REASON_OPTIMAL","TERMINATION_REASON_OPTIMAL"],"D2_condition_number":[1.0,1.0],"alpha":1.1,"initial_tol":0.001,"primal_objective":[39622.00000000001,39622.0],"l_inf_primal_residual":[0.4776456249932507,3.518119129353181e-11],"relative_optimality_gap":[0.0009249429732153988,9.801356240959582e-13],"D1_condition_number":[1.0,1.0],"last_iteration":1,"total_time":3.4899890422821045,"l_inf_dual_residual":[1.3142399392337699e-6,3.638548219908307e-13],"blackbox_time":[0.5630390644073486,2.888115882873535],"candidate_type":"POINT_TYPE_AVERAGE_ITERATE"}