{"relative_l_inf_primal_residual":[0.0008123023197925562,3.7374419875263117e-11],"instance":"/nfs/sloanlab007/projects/pdopt_proj/instances/lp/miplib2017/neos-827175.mps.gz","time_sec_limit":3600,"dual_objective":[111.90151630341464,112.00151999808887],"max_iter":1000.0,"relative_l_inf_dual_residual":[6.105780475444237e-6,8.547000347212176e-17],"objective_tol":1.0e-8,"termination_reason":["TERMINATION_REASON_OPTIMAL","TERMINATION_REASON_OPTIMAL"],"D2_condition_number":[1.0,1.0],"alpha":1.01,"initial_tol":0.001,"primal_objective":[111.8671974967387,112.0015200065481],"l_inf_primal_residual":[0.09016555749697375,4.148560606154206e-9],"relative_optimality_gap":[0.00015268498046598508,3.759610822469378e-11],"D1_condition_number":[1.0,1.0],"last_iteration":1,"total_time":42.100183963775635,"l_inf_dual_residual":[1.2211560950888474e-5,1.7094000694424352e-16],"blackbox_time":[5.5000951290130615,36.58503198623657],"candidate_type":"POINT_TYPE_AVERAGE_ITERATE"}