{"relative_l_inf_primal_residual":[5.3588470335334614e-6,1.3396765550612542e-13],"instance":"/nfs/sloanlab007/projects/pdopt_proj/instances/lp/miplib2017/neos-1354092.mps.gz","time_sec_limit":3600,"dual_objective":[13.263813890318062,13.285714277583331],"max_iter":1000.0,"relative_l_inf_dual_residual":[1.3726678414368728e-5,4.2220893868203345e-12],"objective_tol":1.0e-8,"termination_reason":["TERMINATION_REASON_OPTIMAL","TERMINATION_REASON_OPTIMAL"],"D2_condition_number":[1.0,1.0],"alpha":1.01,"initial_tol":0.001,"primal_objective":[13.286012258737923,13.28571428564963],"l_inf_primal_residual":[0.0010664105596731588,2.665956344571896e-11],"relative_optimality_gap":[0.0008057534846049062,2.925600902303797e-10],"D1_condition_number":[1.0,1.0],"last_iteration":1,"total_time":11.74655795097351,"l_inf_dual_residual":[2.7453356828737456e-5,8.444178773640669e-12],"blackbox_time":[1.8571739196777344,9.876914024353027],"candidate_type":"POINT_TYPE_AVERAGE_ITERATE"}