{"relative_l_inf_primal_residual":[0.00147682222738345,1.9265187189976274e-7,1.9265187189976274e-7],"instance":"/nfs/sloanlab007/projects/pdopt_proj/instances/lp/miplib2017/neos-4760493-puerua.mps.gz","time_sec_limit":3600,"dual_objective":[1912.3798565638317,1908.2440674180891,1908.2440674180891],"max_iter":1000.0,"relative_l_inf_dual_residual":[2.1024133631420833e-6,1.4280042188386835e-10,1.4280042188386835e-10],"objective_tol":1.0e-8,"termination_reason":["TERMINATION_REASON_OPTIMAL","TERMINATION_REASON_TIME_LIMIT","TERMINATION_REASON_TIME_LIMIT"],"D2_condition_number":[1.0,1.0,1.0],"alpha":1.01,"initial_tol":0.001,"primal_objective":[1910.4818021397875,1908.2437627086858,1908.2437627086858],"l_inf_primal_residual":[0.0206755111833683,2.6971262065966783e-6,2.6971262065966783e-6],"relative_optimality_gap":[0.0004963711016385624,7.981935158408827e-8,7.981935158408827e-8],"D1_condition_number":[1.0,1.0,1.0],"last_iteration":2,"total_time":3602.6600229740143,"l_inf_dual_residual":[0.003971542652987381,2.6975568949427764e-7,2.6975568949427764e-7],"blackbox_time":[270.63075613975525,3330.5717158317566,1.3572227954864502],"candidate_type":"POINT_TYPE_AVERAGE_ITERATE"}