{"relative_l_inf_primal_residual":[0.00147682222738345,2.999191411096851e-8,2.999191411096851e-8],"instance":"/nfs/sloanlab007/projects/pdopt_proj/instances/lp/miplib2017/neos-4760493-puerua.mps.gz","time_sec_limit":3600,"dual_objective":[1912.3798565638317,1908.2233180610233,1908.2233180610233],"max_iter":1000.0,"relative_l_inf_dual_residual":[2.1024133631420833e-6,2.042325133482833e-14,2.042325133482833e-14],"objective_tol":1.0e-8,"termination_reason":["TERMINATION_REASON_OPTIMAL","TERMINATION_REASON_TIME_LIMIT","TERMINATION_REASON_TIME_LIMIT"],"D2_condition_number":[1.0,1.0,1.0],"alpha":11.0,"initial_tol":0.001,"primal_objective":[1910.4818021397875,1908.2437017600682,1908.2437017600682],"l_inf_primal_residual":[0.0206755111833683,4.198867975535592e-7,4.198867975535592e-7],"relative_optimality_gap":[0.0004963711016385624,5.339587464437885e-6,5.339587464437885e-6],"D1_condition_number":[1.0,1.0,1.0],"last_iteration":2,"total_time":3602.482447862625,"l_inf_dual_residual":[0.003971542652987381,3.858033591820856e-11,3.858033591820856e-11],"blackbox_time":[271.37603306770325,3330.007040977478,0.9983170032501221],"candidate_type":"POINT_TYPE_AVERAGE_ITERATE"}