{"relative_l_inf_primal_residual":[5.2525631425739205e-6,1.0380009999242318e-15,2.271181675047892e-16,2.271181675047892e-16],"instance":"/nfs/sloanlab007/projects/pdopt_proj/instances/lp/miplib2017/neos-5221106-oparau.mps.gz","time_sec_limit":3600,"dual_objective":[-0.00013103225425150494,-2.043088898062706e-8,-2.736996e7,-2.736996e7],"max_iter":1000.0,"relative_l_inf_dual_residual":[3.4585931260468305e-9,3.9501326554232487e-13,844.9053735499705,844.9053735499705],"objective_tol":1.0e-8,"termination_reason":["TERMINATION_REASON_OPTIMAL","TERMINATION_REASON_OPTIMAL","TERMINATION_REASON_TIME_LIMIT","TERMINATION_REASON_TIME_LIMIT"],"D2_condition_number":[1.0,1.0,1.0,16882.310579977056],"alpha":1.01,"initial_tol":0.001,"primal_objective":[0.0,0.0,2.1277050847087852e-13,2.1277050847087852e-13],"l_inf_primal_residual":[0.010516944552218632,2.078337502098293e-12,4.547473508864641e-13,4.547473508864641e-13],"relative_optimality_gap":[0.0001310150870493079,2.0430888563205845e-8,0.9999999634635943,0.9999999634635943],"D1_condition_number":[1.0,1.0,1.0,1.0],"last_iteration":3,"total_time":3600.959692001343,"l_inf_dual_residual":[6.917186252093661e-9,7.900265310846497e-13,1689.810747099941,1689.810747099941],"blackbox_time":[1.0049309730529785,1.512718915939331,3597.70618891716,0.6847882270812988],"candidate_type":"POINT_TYPE_AVERAGE_ITERATE"}