{"relative_l_inf_primal_residual":[0.0008123023197925562,7.048231868015268e-12],"instance":"/nfs/sloanlab007/projects/pdopt_proj/instances/lp/miplib2017/neos-827175.mps.gz","time_sec_limit":3600,"dual_objective":[111.90151630341464,112.0015199958076],"max_iter":1000.0,"relative_l_inf_dual_residual":[6.105780475444237e-6,1.8452767935017848e-16],"objective_tol":1.0e-8,"termination_reason":["TERMINATION_REASON_OPTIMAL","TERMINATION_REASON_OPTIMAL"],"D2_condition_number":[1.0,1.0],"alpha":1.1,"initial_tol":0.001,"primal_objective":[111.8671974967387,112.0015199987655],"l_inf_primal_residual":[0.09016555749697375,7.823537373496947e-10],"relative_optimality_gap":[0.00015268498046598508,1.3146063021692277e-11],"D1_condition_number":[1.0,1.0],"last_iteration":1,"total_time":50.8216598033905,"l_inf_dual_residual":[1.2211560950888474e-5,3.6905535870035696e-16],"blackbox_time":[5.506049871444702,45.30041718482971],"candidate_type":"POINT_TYPE_AVERAGE_ITERATE"}