{"relative_l_inf_primal_residual":[0.00010779274995389998,7.326130839677942e-12],"instance":"/nfs/sloanlab007/projects/pdopt_proj/instances/lp/miplib2017/neos-3755335-nizao.mps.gz","time_sec_limit":3600,"dual_objective":[50.03206191648141,50.030156532575326],"max_iter":1000.0,"relative_l_inf_dual_residual":[1.4632340243448807e-6,2.4120514903657346e-14],"objective_tol":1.0e-8,"termination_reason":["TERMINATION_REASON_OPTIMAL","TERMINATION_REASON_OPTIMAL"],"D2_condition_number":[1.0,1.0],"alpha":1.01,"initial_tol":0.001,"primal_objective":[50.07891038723941,50.03015656391912],"l_inf_primal_residual":[0.10811612820376168,7.3481092321969754e-9],"relative_optimality_gap":[0.00046333716005890263,3.101493964797799e-10],"D1_condition_number":[1.0,1.0],"last_iteration":1,"total_time":5.985249042510986,"l_inf_dual_residual":[1.0176856185523794e-5,1.6775922867513038e-13],"blackbox_time":[1.6962311267852783,4.22305703163147],"candidate_type":"POINT_TYPE_AVERAGE_ITERATE"}