{"relative_l_inf_primal_residual":[5.2525631425739205e-6,4.5654300389829884e-15,3.5309777604260193e-16,3.5309777604260193e-16],"instance":"/nfs/sloanlab007/projects/pdopt_proj/instances/lp/miplib2017/neos-5221106-oparau.mps.gz","time_sec_limit":3600,"dual_objective":[-0.00013103225425150494,-4.563480615615845e-8,-8.657648e6,-8.657648e6],"max_iter":1000.0,"relative_l_inf_dual_residual":[3.4585931260468305e-9,3.59207699959149e-14,111.38416562891311,111.38416562891311],"objective_tol":1.0e-8,"termination_reason":["TERMINATION_REASON_OPTIMAL","TERMINATION_REASON_OPTIMAL","TERMINATION_REASON_TIME_LIMIT","TERMINATION_REASON_TIME_LIMIT"],"D2_condition_number":[1.0,1.0,1.0,3.0436516100335546e9],"alpha":101.0,"initial_tol":0.001,"primal_objective":[0.0,0.0,2.660648401563485e-13,2.660648401563485e-13],"l_inf_primal_residual":[0.010516944552218632,9.141132295553689e-12,7.069900220812997e-13,7.069900220812997e-13],"relative_optimality_gap":[0.0001310150870493079,4.563480407362301e-8,0.9999998844952018,0.9999998844952018],"D1_condition_number":[1.0,1.0622113997740819,1.0622113997740819,1.0622113997740819],"last_iteration":3,"total_time":3600.945806980133,"l_inf_dual_residual":[6.917186252093661e-9,7.18415399918298e-14,222.76833125782622,222.76833125782622],"blackbox_time":[0.7496588230133057,1.7448089122772217,3598.0710508823395,0.3292360305786133],"candidate_type":"POINT_TYPE_AVERAGE_ITERATE"}