{"relative_l_inf_primal_residual":[6.345564371079007e-5,9.52829036521754e-13],"instance":"/nfs/sloanlab007/projects/pdopt_proj/instances/lp/miplib2017/neos6.mps.gz","time_sec_limit":3600,"dual_objective":[82.87291492446586,82.99999999708355],"max_iter":1000.0,"relative_l_inf_dual_residual":[9.690774775986953e-5,1.7800717361715276e-12],"objective_tol":1.0e-8,"termination_reason":["TERMINATION_REASON_OPTIMAL","TERMINATION_REASON_OPTIMAL"],"D2_condition_number":[1.0,1.0],"alpha":101.0,"initial_tol":0.001,"primal_objective":[83.02078447484368,83.00000000047346],"l_inf_primal_residual":[0.005139907140573996,7.717915195826208e-11],"relative_optimality_gap":[0.000886010382117706,2.0298886989417585e-11],"D1_condition_number":[1.0,1.0],"last_iteration":1,"total_time":6.034646987915039,"l_inf_dual_residual":[0.00019381549551973905,3.5601434723430553e-12],"blackbox_time":[1.5999948978424072,4.419429063796997],"candidate_type":"POINT_TYPE_AVERAGE_ITERATE"}