{"relative_l_inf_primal_residual":[0.0005109618340290925,1.7795186491807235e-12],"instance":"/nfs/sloanlab007/projects/pdopt_proj/instances/lp/miplib2017/neos-3695882-vesdre.mps.gz","time_sec_limit":3600,"dual_objective":[-145981.65032998446,-145935.21428575538],"max_iter":1000.0,"relative_l_inf_dual_residual":[0.0004567854050559553,2.3918313076659592e-14],"objective_tol":1.0e-8,"termination_reason":["TERMINATION_REASON_OPTIMAL","TERMINATION_REASON_OPTIMAL"],"D2_condition_number":[1.0,1.0712735005197924],"alpha":11.0,"initial_tol":0.001,"primal_objective":[-145944.516845647,-145935.21428568818],"l_inf_primal_residual":[15.329365982706804,5.338733899407089e-8],"relative_optimality_gap":[0.00012720119438253323,2.3024091413644104e-13],"D1_condition_number":[1.0,168.62302580977484],"last_iteration":1,"total_time":5.676800966262817,"l_inf_dual_residual":[0.0009135708101119105,4.7836626153319184e-14],"blackbox_time":[1.8199360370635986,3.767544984817505],"candidate_type":"POINT_TYPE_AVERAGE_ITERATE"}