{"relative_l_inf_primal_residual":[0.0008123023197925562,1.562262631572643e-11],"instance":"/nfs/sloanlab007/projects/pdopt_proj/instances/lp/miplib2017/neos-827175.mps.gz","time_sec_limit":3600,"dual_objective":[111.90151630341464,112.00152000005413],"max_iter":1000.0,"relative_l_inf_dual_residual":[6.105780475444237e-6,1.9686832933708646e-15],"objective_tol":1.0e-8,"termination_reason":["TERMINATION_REASON_OPTIMAL","TERMINATION_REASON_OPTIMAL"],"D2_condition_number":[1.0,1.0],"alpha":101.0,"initial_tol":0.001,"primal_objective":[111.8671974967387,112.00151999793418],"l_inf_primal_residual":[0.09016555749697375,1.7341115210456337e-9],"relative_optimality_gap":[0.00015268498046598508,9.42185885454418e-12],"D1_condition_number":[1.0,9.106721307194348],"last_iteration":1,"total_time":93.57978391647339,"l_inf_dual_residual":[1.2211560950888474e-5,3.937366586741729e-15],"blackbox_time":[4.80242395401001,88.52234292030334],"candidate_type":"POINT_TYPE_AVERAGE_ITERATE"}