{"relative_l_inf_primal_residual":[0.00014382648798538789,1.2547784772557803e-14,1.2547784772557803e-14],"instance":"/nfs/sloanlab007/projects/pdopt_proj/instances/lp/miplib2017/neos-872648.mps.gz","time_sec_limit":3600,"dual_objective":[3.2463977678719402,3.355532930929005,3.355532930929005],"max_iter":1000.0,"relative_l_inf_dual_residual":[1.6437936083161997e-8,1.2622535002633436e-10,1.2622535002633436e-10],"objective_tol":1.0e-8,"termination_reason":["TERMINATION_REASON_OPTIMAL","TERMINATION_REASON_TIME_LIMIT","TERMINATION_REASON_TIME_LIMIT"],"D2_condition_number":[1.0,1.0,1.0],"alpha":1.1,"initial_tol":0.001,"primal_objective":[3.25169956730715,3.3555662848594388,3.3555662848594388],"l_inf_primal_residual":[0.00028765297597077577,2.5095569545115606e-14,2.5095569545115606e-14],"relative_optimality_gap":[0.0007070859710416358,4.325444336818443e-6,4.325444336818443e-6],"D1_condition_number":[1.0,1.0,1.0],"last_iteration":2,"total_time":3602.995609998703,"l_inf_dual_residual":[1.0215509879699787e-7,7.844393017097939e-10,7.844393017097939e-10],"blackbox_time":[5.952790975570679,3595.230572938919,1.553765058517456],"candidate_type":"POINT_TYPE_AVERAGE_ITERATE"}