{"relative_l_inf_primal_residual":[5.2525631425739205e-6,1.0149343110370266e-15],"instance":"/nfs/sloanlab007/projects/pdopt_proj/instances/lp/miplib2017/neos-5221106-oparau.mps.gz","time_sec_limit":3600,"dual_objective":[-0.00013103225425150494,-7.974449545145035e-9],"max_iter":1000.0,"relative_l_inf_dual_residual":[3.4585931260468305e-9,1.369150088648899e-13],"objective_tol":1.0e-8,"termination_reason":["TERMINATION_REASON_OPTIMAL","TERMINATION_REASON_OPTIMAL"],"D2_condition_number":[1.0,1.0],"alpha":11.0,"initial_tol":0.001,"primal_objective":[0.0,0.0],"l_inf_primal_residual":[0.010516944552218632,2.0321522242738865e-12],"relative_optimality_gap":[0.0001310150870493079,7.97444948155319e-9],"D1_condition_number":[1.0,1.0],"last_iteration":1,"total_time":2.2696239948272705,"l_inf_dual_residual":[6.917186252093661e-9,2.738300177297798e-13],"blackbox_time":[0.9424757957458496,1.3021888732910156],"candidate_type":"POINT_TYPE_AVERAGE_ITERATE"}