{"relative_l_inf_primal_residual":[0.00014382648798538789,1.5794018769491814e-6,1.5794018769491814e-6],"instance":"/nfs/sloanlab007/projects/pdopt_proj/instances/lp/miplib2017/neos-872648.mps.gz","time_sec_limit":3600,"dual_objective":[3.2463977678719402,1.7662382125854492,1.7662382125854492],"max_iter":1000.0,"relative_l_inf_dual_residual":[1.6437936083161997e-8,2.2180900465967057e-13,2.2180900465967057e-13],"objective_tol":1.0e-8,"termination_reason":["TERMINATION_REASON_OPTIMAL","TERMINATION_REASON_TIME_LIMIT","TERMINATION_REASON_TIME_LIMIT"],"D2_condition_number":[1.0,1.0,1.0],"alpha":11.0,"initial_tol":0.001,"primal_objective":[3.25169956730715,3.3555704164342908,3.3555704164342908],"l_inf_primal_residual":[0.00028765297597077577,3.158803753898363e-6,3.158803753898363e-6],"relative_optimality_gap":[0.0007070859710416358,0.2596180802377246,0.2596180802377246],"D1_condition_number":[1.0,1.0,1.0],"last_iteration":2,"total_time":3603.045235157013,"l_inf_dual_residual":[1.0215509879699787e-7,1.3784529073745944e-12,1.3784529073745944e-12],"blackbox_time":[5.989418029785156,3595.244467020035,1.5545251369476318],"candidate_type":"POINT_TYPE_AVERAGE_ITERATE"}