{"relative_l_inf_primal_residual":[3.415261285277265e-5,1.5435319041789388e-7,1.5435319041789388e-7],"instance":"/nfs/sloanlab007/projects/pdopt_proj/instances/lp/miplib2017/neos-2746589-doon.mps.gz","time_sec_limit":3600,"dual_objective":[1982.9151075980672,1985.7494836436874,1985.7494836436874],"max_iter":1000.0,"relative_l_inf_dual_residual":[1.5827094516412922e-7,3.101005383811948e-15,3.101005383811948e-15],"objective_tol":1.0e-8,"termination_reason":["TERMINATION_REASON_OPTIMAL","TERMINATION_REASON_TIME_LIMIT","TERMINATION_REASON_TIME_LIMIT"],"D2_condition_number":[1.0,1.314385476775044,1.3143854767750438],"alpha":101.0,"initial_tol":0.001,"primal_objective":[1986.1231265260699,1985.7497455051162,1985.7497455051162],"l_inf_primal_residual":[0.37663501454037673,0.0017022069839285336,0.0017022069839285336],"relative_optimality_gap":[0.000808057438950705,6.591855998468277e-8,6.591855998468277e-8],"D1_condition_number":[1.0,38.04013646857805,38.04013646857805],"last_iteration":2,"total_time":3601.6717150211334,"l_inf_dual_residual":[3.73519430587345e-6,7.318372705796198e-14,7.318372705796198e-14],"blackbox_time":[6.044195890426636,3594.5619881153107,1.0171089172363281],"candidate_type":"POINT_TYPE_AVERAGE_ITERATE"}