{"relative_l_inf_primal_residual":[0.011216519765725685,1.2990497566534032e-11],"instance":"/nfs/sloanlab007/projects/pdopt_proj/instances/lp/miplib2017/neos-4966258-blicks.mps.gz","time_sec_limit":3600,"dual_objective":[352.70827461388575,354.5454545403036],"max_iter":1000.0,"relative_l_inf_dual_residual":[0.0082736651845251,1.4463841212614635e-11],"objective_tol":1.0e-8,"termination_reason":["TERMINATION_REASON_OPTIMAL","TERMINATION_REASON_OPTIMAL"],"D2_condition_number":[1.0,1.0],"alpha":11.0,"initial_tol":0.001,"primal_objective":[353.2654040799949,354.5454545442711],"l_inf_primal_residual":[0.02243303953145137,2.5980995133068063e-11],"relative_optimality_gap":[0.0007880483855331315,5.587312913698029e-12],"D1_condition_number":[1.0,1.0],"last_iteration":1,"total_time":10.842669010162354,"l_inf_dual_residual":[0.0165473303690502,2.892768242522927e-11],"blackbox_time":[4.788520097732544,5.482151031494141],"candidate_type":"POINT_TYPE_AVERAGE_ITERATE"}