{"relative_l_inf_primal_residual":[0.0005109618340290925,5.697612487250799e-12],"instance":"/nfs/sloanlab007/projects/pdopt_proj/instances/lp/miplib2017/neos-3695882-vesdre.mps.gz","time_sec_limit":3600,"dual_objective":[-145981.65032998446,-145935.2142856123],"max_iter":1000.0,"relative_l_inf_dual_residual":[0.0004567854050559553,4.1513412716090436e-13],"objective_tol":1.0e-8,"termination_reason":["TERMINATION_REASON_OPTIMAL","TERMINATION_REASON_OPTIMAL"],"D2_condition_number":[1.0,1.0],"alpha":1.01,"initial_tol":0.001,"primal_objective":[-145944.516845647,-145935.21428581545],"l_inf_primal_residual":[15.329365982706804,1.7093407223001122e-7],"relative_optimality_gap":[0.00012720119438253323,6.960076139768062e-13],"D1_condition_number":[1.0,15.482659642533873],"last_iteration":1,"total_time":5.934792995452881,"l_inf_dual_residual":[0.0009135708101119105,8.302682543218087e-13],"blackbox_time":[1.8906729221343994,3.9537980556488037],"candidate_type":"POINT_TYPE_AVERAGE_ITERATE"}