{"relative_l_inf_primal_residual":[0.011216519765725685,3.1185631854668827e-10],"instance":"/nfs/sloanlab007/projects/pdopt_proj/instances/lp/miplib2017/neos-4966258-blicks.mps.gz","time_sec_limit":3600,"dual_objective":[352.70827461388575,354.5454545464014],"max_iter":1000.0,"relative_l_inf_dual_residual":[0.0082736651845251,1.0431661610910137e-11],"objective_tol":1.0e-8,"termination_reason":["TERMINATION_REASON_OPTIMAL","TERMINATION_REASON_OPTIMAL"],"D2_condition_number":[1.0,3.945699023439908],"alpha":101.0,"initial_tol":0.001,"primal_objective":[353.2654040799949,354.54545452661796],"l_inf_primal_residual":[0.02243303953145137,6.237126370933765e-10],"relative_optimality_gap":[0.0007880483855331315,2.7860436159686288e-11],"D1_condition_number":[1.0,2.2657369926765885],"last_iteration":1,"total_time":11.439150094985962,"l_inf_dual_residual":[0.0165473303690502,2.0863323221820274e-11],"blackbox_time":[4.6351401805877686,6.488166809082031],"candidate_type":"POINT_TYPE_AVERAGE_ITERATE"}