{"relative_l_inf_primal_residual":[0.00022002976280746216,1.0466250673153199e-10],"instance":"/nfs/sloanlab007/projects/pdopt_proj/instances/lp/miplib2017/nursesched-medium-hint03.mps.gz","time_sec_limit":3600,"dual_objective":[33.42865473801323,33.468484846096494],"max_iter":1000.0,"relative_l_inf_dual_residual":[4.2237009335249494e-7,3.669480394144894e-14],"objective_tol":1.0e-8,"termination_reason":["TERMINATION_REASON_OPTIMAL","TERMINATION_REASON_OPTIMAL"],"D2_condition_number":[1.0,1.0],"alpha":1.01,"initial_tol":0.001,"primal_objective":[33.49193679321108,33.46848485016729],"l_inf_primal_residual":[0.004180565493341781,1.9885876278991077e-9],"relative_optimality_gap":[0.0009317064791575125,5.992022940311533e-11],"D1_condition_number":[1.0,1.0],"last_iteration":1,"total_time":15.230207920074463,"l_inf_dual_residual":[0.00011826362613869858,1.0274545103605703e-11],"blackbox_time":[2.0111780166625977,13.184875011444092],"candidate_type":"POINT_TYPE_AVERAGE_ITERATE"}