{"relative_l_inf_primal_residual":[0.00022002976280746216,9.893764170505236e-12],"instance":"/nfs/sloanlab007/projects/pdopt_proj/instances/lp/miplib2017/nursesched-medium-hint03.mps.gz","time_sec_limit":3600,"dual_objective":[33.42865473801323,33.46848484838716],"max_iter":1000.0,"relative_l_inf_dual_residual":[4.2237009335249494e-7,9.952484919551827e-16],"objective_tol":1.0e-8,"termination_reason":["TERMINATION_REASON_OPTIMAL","TERMINATION_REASON_OPTIMAL"],"D2_condition_number":[1.0,1.0],"alpha":101.0,"initial_tol":0.001,"primal_objective":[33.49193679321108,33.468484848461614],"l_inf_primal_residual":[0.004180565493341781,1.879815192395995e-10],"relative_optimality_gap":[0.0009317064791575125,1.0958785501496494e-12],"D1_condition_number":[1.0,1.0],"last_iteration":1,"total_time":14.764755010604858,"l_inf_dual_residual":[0.00011826362613869858,2.7866957774745114e-13],"blackbox_time":[1.7322990894317627,12.998351097106934],"candidate_type":"POINT_TYPE_AVERAGE_ITERATE"}