{"relative_l_inf_primal_residual":[0.00022002976280746216,1.7941040466128374e-11],"instance":"/nfs/sloanlab007/projects/pdopt_proj/instances/lp/miplib2017/nursesched-medium-hint03.mps.gz","time_sec_limit":3600,"dual_objective":[33.42865473801323,33.468484848385735],"max_iter":1000.0,"relative_l_inf_dual_residual":[4.2237009335249494e-7,1.228873609006879e-15],"objective_tol":1.0e-8,"termination_reason":["TERMINATION_REASON_OPTIMAL","TERMINATION_REASON_OPTIMAL"],"D2_condition_number":[1.0,1.0],"alpha":11.0,"initial_tol":0.001,"primal_objective":[33.49193679321108,33.468484848783525],"l_inf_primal_residual":[0.004180565493341781,3.408797688564391e-10],"relative_optimality_gap":[0.0009317064791575125,5.8552839044940394e-12],"D1_condition_number":[1.0,1.0],"last_iteration":1,"total_time":13.593255996704102,"l_inf_dual_residual":[0.00011826362613869858,3.4408461052192613e-13],"blackbox_time":[1.768829107284546,11.79032278060913],"candidate_type":"POINT_TYPE_AVERAGE_ITERATE"}