{"relative_l_inf_primal_residual":[0.00022002976280746216,1.787475313962336e-10],"instance":"/nfs/sloanlab007/projects/pdopt_proj/instances/lp/miplib2017/nursesched-medium-hint03.mps.gz","time_sec_limit":3600,"dual_objective":[33.42865473801323,33.46848484301796],"max_iter":1000.0,"relative_l_inf_dual_residual":[4.2237009335249494e-7,4.271651924100354e-14],"objective_tol":1.0e-8,"termination_reason":["TERMINATION_REASON_OPTIMAL","TERMINATION_REASON_OPTIMAL"],"D2_condition_number":[1.0,1.0],"alpha":1.1,"initial_tol":0.001,"primal_objective":[33.49193679321108,33.46848484684949],"l_inf_primal_residual":[0.004180565493341781,3.3962030965284384e-9],"relative_optimality_gap":[0.0009317064791575125,5.6398315465110046e-11],"D1_condition_number":[1.0,1.0],"last_iteration":1,"total_time":12.652717113494873,"l_inf_dual_residual":[0.00011826362613869858,1.1960625387480992e-11],"blackbox_time":[2.019076108932495,10.598392009735107],"candidate_type":"POINT_TYPE_AVERAGE_ITERATE"}