{
    "relative_l_inf_primal_residual": [
        1.7107907547174828e-7
    ],
    "instance": "/nfs/sloanlab007/projects/pdopt_proj/instances/lp/miplib2017/radiationm40-10-02.mps.gz",
    "time_sec_limit": 3600,
    "dual_objective": [
        155306.47170946802
    ],
    "max_iter": 0.0,
    "relative_l_inf_dual_residual": [
        5.0521551198207765e-11
    ],
    "objective_tol": 1.0e-8,
    "termination_reason": [
        "TERMINATION_REASON_OPTIMAL"
    ],
    "D2_condition_number": [
        1.0
    ],
    "alpha": 1.1,
    "initial_tol": 1.0e-8,
    "primal_objective": [
        155306.47250928814
    ],
    "l_inf_primal_residual": [
        1.8818698301892312e-6
    ],
    "relative_optimality_gap": [
        2.5749652679944978e-9
    ],
    "D1_condition_number": [
        1.0
    ],
    "last_iteration": 0,
    "total_time": 1801.9943900108337,
    "l_inf_dual_residual": [
        1.0104310239641553e-10
    ],
    "blackbox_time": [
        1801.9561219215393
    ],
    "candidate_type": "POINT_TYPE_AVERAGE_ITERATE"
}