{"relative_l_inf_primal_residual":[0.0009220355494544135,8.02519560331402e-12],"instance":"/nfs/sloanlab007/projects/pdopt_proj/instances/lp/miplib2017/reblock420.mps.gz","time_sec_limit":3600,"dual_objective":[-8.888324299019749e8,-8.865358975268495e8],"max_iter":1000.0,"relative_l_inf_dual_residual":[1.90053078489694e-6,4.026878364841634e-14],"objective_tol":1.0e-8,"termination_reason":["TERMINATION_REASON_OPTIMAL","TERMINATION_REASON_OPTIMAL"],"D2_condition_number":[1.0,27446.88359085606],"alpha":1.01,"initial_tol":0.001,"primal_objective":[-8.902975819745622e8,-8.865358975237534e8],"l_inf_primal_residual":[184.40803192643216,1.605047145858407e-6],"relative_optimality_gap":[0.000823521643715268,1.7461806538851113e-12],"D1_condition_number":[1.0,186.2521122456965],"last_iteration":1,"total_time":9.732838869094849,"l_inf_dual_residual":[26.33005451217182,5.578858690569177e-7],"blackbox_time":[1.1963188648223877,8.494125843048096],"candidate_type":"POINT_TYPE_AVERAGE_ITERATE"}