{"relative_l_inf_primal_residual":[0.0009220355494544135,1.4061154341094616e-11],"instance":"/nfs/sloanlab007/projects/pdopt_proj/instances/lp/miplib2017/reblock420.mps.gz","time_sec_limit":3600,"dual_objective":[-8.888324299019749e8,-8.865358975220642e8],"max_iter":1000.0,"relative_l_inf_dual_residual":[1.90053078489694e-6,7.247569644026533e-16],"objective_tol":1.0e-8,"termination_reason":["TERMINATION_REASON_OPTIMAL","TERMINATION_REASON_OPTIMAL"],"D2_condition_number":[1.0,29892.645494991753],"alpha":1.1,"initial_tol":0.001,"primal_objective":[-8.902975819745622e8,-8.865358975250183e8],"l_inf_primal_residual":[184.40803192643216,2.8122449293732643e-6],"relative_optimality_gap":[0.000823521643715268,1.666105913445744e-12],"D1_condition_number":[1.0,202.8488351190754],"last_iteration":1,"total_time":15.177601099014282,"l_inf_dual_residual":[26.33005451217182,1.0040821507573128e-8],"blackbox_time":[1.1793761253356934,13.969759941101074],"candidate_type":"POINT_TYPE_AVERAGE_ITERATE"}