{"relative_l_inf_primal_residual":[0.0009220355494544135,1.2334025262115606e-10],"instance":"/nfs/sloanlab007/projects/pdopt_proj/instances/lp/miplib2017/reblock420.mps.gz","time_sec_limit":3600,"dual_objective":[-8.888324299019749e8,-8.865358975303074e8],"max_iter":1000.0,"relative_l_inf_dual_residual":[1.90053078489694e-6,1.151507525734299e-14],"objective_tol":1.0e-8,"termination_reason":["TERMINATION_REASON_OPTIMAL","TERMINATION_REASON_OPTIMAL"],"D2_condition_number":[1.0,2.7446883590856064e6],"alpha":101.0,"initial_tol":0.001,"primal_objective":[-8.902975819745622e8,-8.865358975639521e8],"l_inf_primal_residual":[184.40803192643216,2.4668173864483833e-5],"relative_optimality_gap":[0.000823521643715268,1.8975360322469132e-11],"D1_condition_number":[1.0,18625.211224569648],"last_iteration":1,"total_time":6.063393831253052,"l_inf_dual_residual":[26.33005451217182,1.5953046467176435e-7],"blackbox_time":[1.2325470447540283,4.8015899658203125],"candidate_type":"POINT_TYPE_AVERAGE_ITERATE"}