{"relative_l_inf_primal_residual":[0.0009220355494544135,3.622171868209594e-11],"instance":"/nfs/sloanlab007/projects/pdopt_proj/instances/lp/miplib2017/reblock420.mps.gz","time_sec_limit":3600,"dual_objective":[-8.888324299019749e8,-8.865358975285773e8],"max_iter":1000.0,"relative_l_inf_dual_residual":[1.90053078489694e-6,1.1111755374614057e-14],"objective_tol":1.0e-8,"termination_reason":["TERMINATION_REASON_OPTIMAL","TERMINATION_REASON_OPTIMAL"],"D2_condition_number":[1.0,298926.4549499175],"alpha":11.0,"initial_tol":0.001,"primal_objective":[-8.902975819745622e8,-8.865358975143061e8],"l_inf_primal_residual":[184.40803192643216,7.24437995813787e-6],"relative_optimality_gap":[0.000823521643715268,8.048889695110894e-12],"D1_condition_number":[1.0,2028.488351190754],"last_iteration":1,"total_time":7.0703980922698975,"l_inf_dual_residual":[26.33005451217182,1.5394284957892523e-7],"blackbox_time":[1.1477439403533936,5.8933470249176025],"candidate_type":"POINT_TYPE_AVERAGE_ITERATE"}