{"relative_l_inf_primal_residual":[4.210709967006896e-6,9.715049490184461e-14],"instance":"/nfs/sloanlab007/projects/pdopt_proj/instances/lp/miplib2017/sct1.mps.gz","time_sec_limit":3600,"dual_objective":[-218.51695321103773,-218.13900313871272],"max_iter":1000.0,"relative_l_inf_dual_residual":[3.483131706551018e-6,3.5360833930655196e-14],"objective_tol":1.0e-8,"termination_reason":["TERMINATION_REASON_OPTIMAL","TERMINATION_REASON_OPTIMAL"],"D2_condition_number":[1.0,2.854198841432676],"alpha":1.01,"initial_tol":0.001,"primal_objective":[-218.07981712067397,-218.13900312629977],"l_inf_primal_residual":[0.2134072025478435,4.923781382615289e-9],"relative_optimality_gap":[0.0009989472500731727,2.8386870691435215e-11],"D1_condition_number":[1.0,1.0],"last_iteration":1,"total_time":2460.30287194252,"l_inf_dual_residual":[0.003486614838257569,3.5396194764585854e-11],"blackbox_time":[17.3907208442688,2442.866888999939],"candidate_type":"POINT_TYPE_AVERAGE_ITERATE"}