{"relative_l_inf_primal_residual":[4.210709967006896e-6,4.48742919886467e-13,4.48742919886467e-13],"instance":"/nfs/sloanlab007/projects/pdopt_proj/instances/lp/miplib2017/sct1.mps.gz","time_sec_limit":3600,"dual_objective":[-218.51695321103773,-218.13902652927572,-218.13902652927572],"max_iter":1000.0,"relative_l_inf_dual_residual":[3.483131706551018e-6,1.8729432091575637e-10,1.8729432091575637e-10],"objective_tol":1.0e-8,"termination_reason":["TERMINATION_REASON_OPTIMAL","TERMINATION_REASON_TIME_LIMIT","TERMINATION_REASON_TIME_LIMIT"],"D2_condition_number":[1.0,3.1085333916593503,633983.2468786992],"alpha":1.1,"initial_tol":0.001,"primal_objective":[-218.07981712067397,-218.1390031231339,-218.1390031231339],"l_inf_primal_residual":[0.2134072025478435,2.274318866568592e-8,2.274318866568592e-8],"relative_optimality_gap":[0.0009989472500731727,5.352691018978235e-8,5.352691018978235e-8],"D1_condition_number":[1.0,1.0,1.0],"last_iteration":2,"total_time":3600.8241708278656,"l_inf_dual_residual":[0.003486614838257569,1.8748161523667214e-7,1.8748161523667214e-7],"blackbox_time":[17.38850498199463,3582.8048810958862,0.5272748470306396],"candidate_type":"POINT_TYPE_AVERAGE_ITERATE"}