{"relative_l_inf_primal_residual":[4.210709967006896e-6,3.978294036885088e-12,3.978294036885088e-12],"instance":"/nfs/sloanlab007/projects/pdopt_proj/instances/lp/miplib2017/sct1.mps.gz","time_sec_limit":3600,"dual_objective":[-218.51695321103773,-218.1390331155344,-218.1390331155344],"max_iter":1000.0,"relative_l_inf_dual_residual":[3.483131706551018e-6,1.9955622935810489e-10,1.9955622935810489e-10],"objective_tol":1.0e-8,"termination_reason":["TERMINATION_REASON_OPTIMAL","TERMINATION_REASON_TIME_LIMIT","TERMINATION_REASON_TIME_LIMIT"],"D2_condition_number":[1.0,31.085333916593502,3.735405896491712e7],"alpha":11.0,"initial_tol":0.001,"primal_objective":[-218.07981712067397,-218.13900309326536,-218.13900309326536],"l_inf_primal_residual":[0.2134072025478435,2.0162789837741002e-7,2.0162789837741002e-7],"relative_optimality_gap":[0.0009989472500731727,6.86571621671918e-8,6.86571621671918e-8],"D1_condition_number":[1.0,2.3474792280262786,2.3474792280262786],"last_iteration":2,"total_time":3601.8239879608154,"l_inf_dual_residual":[0.003486614838257569,1.99755785587463e-7,1.99755785587463e-7],"blackbox_time":[17.880028009414673,3583.3416249752045,0.57576584815979],"candidate_type":"POINT_TYPE_AVERAGE_ITERATE"}