{"relative_l_inf_primal_residual":[4.210709967006896e-6,1.1508891958873383e-12],"instance":"/nfs/sloanlab007/projects/pdopt_proj/instances/lp/miplib2017/sct1.mps.gz","time_sec_limit":3600,"dual_objective":[-218.51695321103773,-218.1390032219424],"max_iter":1000.0,"relative_l_inf_dual_residual":[3.483131706551018e-6,4.907964458303118e-13],"objective_tol":1.0e-8,"termination_reason":["TERMINATION_REASON_OPTIMAL","TERMINATION_REASON_TIME_LIMIT"],"D2_condition_number":[1.0,285.4198841432676],"alpha":101.0,"initial_tol":0.001,"primal_objective":[-218.07981712067397,-218.1390031352927],"l_inf_primal_residual":[0.2134072025478435,5.8329366225962076e-8],"relative_optimality_gap":[0.0009989472500731727,1.9815698618815401e-10],"D1_condition_number":[1.0,21.554127457332193],"last_iteration":1,"total_time":3601.224921941757,"l_inf_dual_residual":[0.003486614838257569,4.912872422761421e-10],"blackbox_time":[17.806797981262207,3583.4028539657593],"candidate_type":"POINT_TYPE_AVERAGE_ITERATE"}