{"relative_l_inf_primal_residual":[0.0019685774553352964,1.2684298056342413e-11],"instance":"/nfs/sloanlab007/projects/pdopt_proj/instances/lp/miplib2017/t1717.mps.gz","time_sec_limit":3600,"dual_objective":[134343.40600976965,134531.02142834314],"max_iter":1000.0,"relative_l_inf_dual_residual":[0.0,0.0],"objective_tol":1.0e-8,"termination_reason":["TERMINATION_REASON_OPTIMAL","TERMINATION_REASON_OPTIMAL"],"D2_condition_number":[1.0,309.0764225199921],"alpha":101.0,"initial_tol":0.001,"primal_objective":[134502.15855271026,134531.0214282311],"l_inf_primal_residual":[0.003937154910670593,2.5368596112684827e-11],"relative_optimality_gap":[0.0005904949657770859,4.1644421347807913e-13],"D1_condition_number":[1.0,1.0],"last_iteration":1,"total_time":172.30444812774658,"l_inf_dual_residual":[0.0,0.0],"blackbox_time":[2.3120040893554688,169.95816898345947],"candidate_type":"POINT_TYPE_AVERAGE_ITERATE"}