{"relative_l_inf_primal_residual":[0.0019685774553352964,3.620503896684113e-11],"instance":"/nfs/sloanlab007/projects/pdopt_proj/instances/lp/miplib2017/t1717.mps.gz","time_sec_limit":3600,"dual_objective":[134343.40600976965,134531.02142834594],"max_iter":1000.0,"relative_l_inf_dual_residual":[0.0,0.0],"objective_tol":1.0e-8,"termination_reason":["TERMINATION_REASON_OPTIMAL","TERMINATION_REASON_OPTIMAL"],"D2_condition_number":[1.0,3.366178859128627],"alpha":1.1,"initial_tol":0.001,"primal_objective":[134502.15855271026,134531.02142893706],"l_inf_primal_residual":[0.003937154910670593,7.241007793368226e-11],"relative_optimality_gap":[0.0005904949657770859,2.1969866025794763e-12],"D1_condition_number":[1.0,1.0],"last_iteration":1,"total_time":154.87846183776855,"l_inf_dual_residual":[0.0,0.0],"blackbox_time":[2.396890878677368,151.83230781555176],"candidate_type":"POINT_TYPE_AVERAGE_ITERATE"}