{"relative_l_inf_primal_residual":[0.0020675196013537622,4.585110069399434e-12],"instance":"/nfs/sloanlab007/projects/pdopt_proj/instances/lp/miplib2017/t1722.mps.gz","time_sec_limit":3600,"dual_objective":[98705.35977166421,98815.40761085127],"max_iter":1000.0,"relative_l_inf_dual_residual":[0.0,0.0],"objective_tol":1.0e-8,"termination_reason":["TERMINATION_REASON_OPTIMAL","TERMINATION_REASON_OPTIMAL"],"D2_condition_number":[1.0,26.289300867971633],"alpha":11.0,"initial_tol":0.001,"primal_objective":[98817.93941275796,98815.40761085245],"l_inf_primal_residual":[0.0041350392027075245,9.170220138798868e-12],"relative_optimality_gap":[0.0005699533756534698,5.964146674337031e-15],"D1_condition_number":[1.0,1.0],"last_iteration":1,"total_time":42.78376293182373,"l_inf_dual_residual":[0.0,0.0],"blackbox_time":[1.0356049537658691,41.72977089881897],"candidate_type":"POINT_TYPE_AVERAGE_ITERATE"}