{"relative_l_inf_primal_residual":[0.0020675196013537622,7.333356144556546e-12],"instance":"/nfs/sloanlab007/projects/pdopt_proj/instances/lp/miplib2017/t1722.mps.gz","time_sec_limit":3600,"dual_objective":[98705.35977166421,98815.40761085432],"max_iter":1000.0,"relative_l_inf_dual_residual":[0.0,0.0],"objective_tol":1.0e-8,"termination_reason":["TERMINATION_REASON_OPTIMAL","TERMINATION_REASON_OPTIMAL"],"D2_condition_number":[1.0,241.38358069683045],"alpha":101.0,"initial_tol":0.001,"primal_objective":[98817.93941275796,98815.40761076879],"l_inf_primal_residual":[0.0041350392027075245,1.4666712289113093e-11],"relative_optimality_gap":[0.0005699533756534698,4.3280560681194285e-13],"D1_condition_number":[1.0,1.0],"last_iteration":1,"total_time":24.364282846450806,"l_inf_dual_residual":[0.0,0.0],"blackbox_time":[1.051203966140747,23.2951500415802],"candidate_type":"POINT_TYPE_AVERAGE_ITERATE"}