{"relative_l_inf_primal_residual":[0.0020675196013537622,7.77815367669632e-10],"instance":"/nfs/sloanlab007/projects/pdopt_proj/instances/lp/miplib2017/t1722.mps.gz","time_sec_limit":3600,"dual_objective":[98705.35977166421,98815.40761069242],"max_iter":1000.0,"relative_l_inf_dual_residual":[0.0,0.0],"objective_tol":1.0e-8,"termination_reason":["TERMINATION_REASON_OPTIMAL","TERMINATION_REASON_OPTIMAL"],"D2_condition_number":[1.0,2.6289300867971637],"alpha":1.1,"initial_tol":0.001,"primal_objective":[98817.93941275796,98815.40760744349],"l_inf_primal_residual":[0.0041350392027075245,1.555630735339264e-9],"relative_optimality_gap":[0.0005699533756534698,1.6439323546541932e-11],"D1_condition_number":[1.0,1.0],"last_iteration":1,"total_time":20.494291067123413,"l_inf_dual_residual":[0.0,0.0],"blackbox_time":[1.0246219635009766,19.424312114715576],"candidate_type":"POINT_TYPE_AVERAGE_ITERATE"}