{"relative_l_inf_primal_residual":[2.671230030531899e-5,2.34114560193635e-15,2.34114560193635e-15],"instance":"/nfs/sloanlab007/projects/pdopt_proj/instances/lp/miplib2017/triptim7.mps.gz","time_sec_limit":3600,"dual_objective":[2250.8505340953484,2336.6840474694604,2336.6840474694604],"max_iter":1000.0,"relative_l_inf_dual_residual":[0.00019086335659181445,0.0002700599198117984,0.0002700599198117984],"objective_tol":1.0e-8,"termination_reason":["TERMINATION_REASON_OPTIMAL","TERMINATION_REASON_TIME_LIMIT","TERMINATION_REASON_TIME_LIMIT"],"D2_condition_number":[1.0,1.0,1.0],"alpha":1.1,"initial_tol":0.001,"primal_objective":[2248.543400812085,2336.7326016344905,2336.7326016344905],"l_inf_primal_residual":[0.15047038761986187,1.318767317570746e-11,1.318767317570746e-11],"relative_optimality_gap":[0.0005126514071063732,1.0387213779790507e-5,1.0387213779790507e-5],"D1_condition_number":[1.0,1.0,1.0],"last_iteration":2,"total_time":3601.8090360164642,"l_inf_dual_residual":[0.0003817267131836289,0.0005401198396235968,0.0005401198396235968],"blackbox_time":[139.11856603622437,3461.701308965683,0.9382891654968262],"candidate_type":"POINT_TYPE_AVERAGE_ITERATE"}