{"relative_l_inf_primal_residual":[2.671230030531899e-5,7.911457551371113e-15,7.911457551371113e-15],"instance":"/nfs/sloanlab007/projects/pdopt_proj/instances/lp/miplib2017/triptim7.mps.gz","time_sec_limit":3600,"dual_objective":[2250.8505340953484,2336.150937263636,2336.150937263636],"max_iter":1000.0,"relative_l_inf_dual_residual":[0.00019086335659181445,0.00041734106647563283,0.00041734106647563283],"objective_tol":1.0e-8,"termination_reason":["TERMINATION_REASON_OPTIMAL","TERMINATION_REASON_TIME_LIMIT","TERMINATION_REASON_TIME_LIMIT"],"D2_condition_number":[1.0,2.608093197132182,36.44351640471788],"alpha":11.0,"initial_tol":0.001,"primal_objective":[2248.543400812085,2336.732601634498,2336.732601634498],"l_inf_primal_residual":[0.15047038761986187,4.4565240386873484e-11,4.4565240386873484e-11],"relative_optimality_gap":[0.0005126514071063732,0.00012444990681118398,0.00012444990681118398],"D1_condition_number":[1.0,1.6551742638184805,1.6551742638184803],"last_iteration":2,"total_time":3601.6653549671173,"l_inf_dual_residual":[0.0003817267131836289,0.0008346821329512657,0.0008346821329512657],"blackbox_time":[139.08270597457886,3461.623976945877,0.908282995223999],"candidate_type":"POINT_TYPE_AVERAGE_ITERATE"}