{"relative_l_inf_primal_residual":[2.671230030531899e-5,3.5520829822482553e-15,3.5520829822482553e-15],"instance":"/nfs/sloanlab007/projects/pdopt_proj/instances/lp/miplib2017/triptim7.mps.gz","time_sec_limit":3600,"dual_objective":[2250.8505340953484,2336.714204442566,2336.714204442566],"max_iter":1000.0,"relative_l_inf_dual_residual":[0.00019086335659181445,1.5811124944620176e-5,1.5811124944620176e-5],"objective_tol":1.0e-8,"termination_reason":["TERMINATION_REASON_OPTIMAL","TERMINATION_REASON_TIME_LIMIT","TERMINATION_REASON_TIME_LIMIT"],"D2_condition_number":[1.0,23.94703753730458,3072.400106095194],"alpha":101.0,"initial_tol":0.001,"primal_objective":[2248.543400812085,2336.732601634496,2336.732601634496],"l_inf_primal_residual":[0.15047038761986187,2.000888343900442e-11,2.000888343900442e-11],"relative_optimality_gap":[0.0005126514071063732,3.93569393197871e-6,3.93569393197871e-6],"D1_condition_number":[1.0,15.197509149606049,15.19750914960605],"last_iteration":2,"total_time":3601.6200919151306,"l_inf_dual_residual":[0.0003817267131836289,3.162224988924035e-5,3.162224988924035e-5],"blackbox_time":[139.13508701324463,3461.5319499969482,0.9031460285186768],"candidate_type":"POINT_TYPE_AVERAGE_ITERATE"}