{"relative_l_inf_primal_residual":[2.671230030531899e-5,7.588540916621272e-15,7.588540916621272e-15],"instance":"/nfs/sloanlab007/projects/pdopt_proj/instances/lp/miplib2017/triptim7.mps.gz","time_sec_limit":3600,"dual_objective":[2250.8505340953484,2336.60147153893,2336.60147153893],"max_iter":1000.0,"relative_l_inf_dual_residual":[0.00019086335659181445,0.00031748901624687663,0.00031748901624687663],"objective_tol":1.0e-8,"termination_reason":["TERMINATION_REASON_OPTIMAL","TERMINATION_REASON_TIME_LIMIT","TERMINATION_REASON_TIME_LIMIT"],"D2_condition_number":[1.0,1.0,1.0],"alpha":1.01,"initial_tol":0.001,"primal_objective":[2248.543400812085,2336.732601634509,2336.732601634509],"l_inf_primal_residual":[0.15047038761986187,4.274625098332763e-11,4.274625098332763e-11],"relative_optimality_gap":[0.0005126514071063732,2.8053214324492016e-5,2.8053214324492016e-5],"D1_condition_number":[1.0,1.0,1.0],"last_iteration":2,"total_time":3601.9926068782806,"l_inf_dual_residual":[0.0003817267131836289,0.0006349780324937533,0.0006349780324937533],"blackbox_time":[139.8485028743744,3461.093228816986,0.9976730346679688],"candidate_type":"POINT_TYPE_AVERAGE_ITERATE"}