{"relative_l_inf_primal_residual":[0.0009212872679232193,3.948284637776572e-12],"instance":"/nfs/sloanlab007/projects/pdopt_proj/instances/lp/miplib2017/var-smallemery-m6j6.mps.gz","time_sec_limit":3600,"dual_objective":[-155.8121768828846,-156.05626812959935],"max_iter":1000.0,"relative_l_inf_dual_residual":[0.000535213918984492,3.926520473847739e-13],"objective_tol":1.0e-8,"termination_reason":["TERMINATION_REASON_OPTIMAL","TERMINATION_REASON_OPTIMAL"],"D2_condition_number":[1.0,1.0],"alpha":1.01,"initial_tol":0.001,"primal_objective":[-156.1034261020317,-156.05626812169618],"l_inf_primal_residual":[1.2575571207151943,5.389408530565021e-9],"relative_optimality_gap":[0.0009307596564980433,2.5240662646450912e-11],"D1_condition_number":[1.0,1.2701326919223461],"last_iteration":1,"total_time":228.7410318851471,"l_inf_dual_residual":[0.001070427837968984,7.853040947695478e-13],"blackbox_time":[4.411041975021362,224.2898120880127],"candidate_type":"POINT_TYPE_AVERAGE_ITERATE"}