{"relative_l_inf_primal_residual":[0.0009212872679232193,1.3191087863857118e-11],"instance":"/nfs/sloanlab007/projects/pdopt_proj/instances/lp/miplib2017/var-smallemery-m6j6.mps.gz","time_sec_limit":3600,"dual_objective":[-155.8121768828846,-156.05626812324704],"max_iter":1000.0,"relative_l_inf_dual_residual":[0.000535213918984492,2.869109555378403e-14],"objective_tol":1.0e-8,"termination_reason":["TERMINATION_REASON_OPTIMAL","TERMINATION_REASON_OPTIMAL"],"D2_condition_number":[1.0,1.0],"alpha":1.1,"initial_tol":0.001,"primal_objective":[-156.1034261020317,-156.05626812533305],"l_inf_primal_residual":[1.2575571207151943,1.8005834934164966e-8],"relative_optimality_gap":[0.0009307596564980433,6.662177722543876e-12],"D1_condition_number":[1.0,1.383312832786714],"last_iteration":1,"total_time":264.4466509819031,"l_inf_dual_residual":[0.001070427837968984,5.738219110756806e-14],"blackbox_time":[4.4169299602508545,259.9891879558563],"candidate_type":"POINT_TYPE_AVERAGE_ITERATE"}