{"relative_l_inf_primal_residual":[0.0009212872679232193,5.586531684953936e-12],"instance":"/nfs/sloanlab007/projects/pdopt_proj/instances/lp/miplib2017/var-smallemery-m6j6.mps.gz","time_sec_limit":3600,"dual_objective":[-155.8121768828846,-156.0562681225136],"max_iter":1000.0,"relative_l_inf_dual_residual":[0.000535213918984492,3.6095995983864704e-13],"objective_tol":1.0e-8,"termination_reason":["TERMINATION_REASON_OPTIMAL","TERMINATION_REASON_OPTIMAL"],"D2_condition_number":[1.0,1.0],"alpha":11.0,"initial_tol":0.001,"primal_objective":[-156.1034261020317,-156.0562681218484],"l_inf_primal_residual":[1.2575571207151943,7.625615749962122e-9],"relative_optimality_gap":[0.0009307596564980433,2.1244172957356412e-12],"D1_condition_number":[1.0,13.833128327867136],"last_iteration":1,"total_time":263.5555498600006,"l_inf_dual_residual":[0.001070427837968984,7.219199196772941e-13],"blackbox_time":[4.710216045379639,258.80460715293884],"candidate_type":"POINT_TYPE_AVERAGE_ITERATE"}