{"relative_l_inf_primal_residual":[0.0009212872679232193,1.0007243792280332e-11],"instance":"/nfs/sloanlab007/projects/pdopt_proj/instances/lp/miplib2017/var-smallemery-m6j6.mps.gz","time_sec_limit":3600,"dual_objective":[-155.8121768828846,-156.05626810571502],"max_iter":1000.0,"relative_l_inf_dual_residual":[0.000535213918984492,1.4851807067159384e-11],"objective_tol":1.0e-8,"termination_reason":["TERMINATION_REASON_OPTIMAL","TERMINATION_REASON_OPTIMAL"],"D2_condition_number":[1.0,2.5998076600728877],"alpha":101.0,"initial_tol":0.001,"primal_objective":[-156.1034261020317,-156.0562681226586],"l_inf_primal_residual":[1.2575571207151943,1.3659887776462654e-8],"relative_optimality_gap":[0.0009307596564980433,5.411336722355905e-11],"D1_condition_number":[1.0,127.01326919223462],"last_iteration":1,"total_time":266.1297161579132,"l_inf_dual_residual":[0.001070427837968984,2.970361413431877e-11],"blackbox_time":[4.674306154251099,261.41479086875916],"candidate_type":"POINT_TYPE_AVERAGE_ITERATE"}