{
    "instance": "./instance/2club200v15p5scn.mps.gz",
    "primal_dual_gap": [
        -17.629370271488256,
        -17.64402601812941
    ],
    "final iteration": 1,
    "time_sec_limit": 300,
    "optimal_cost": [
        -121.61886030698875,
        -121.222222219508
    ],
    "max_iter": 3,
    "objective_tol": 1.0e-8,
    "optimality_gap": [
        0.23476282198604276,
        3.831931660869259e-9
    ],
    "initial_tol": 0.001,
    "blackbox_time": [
        35.81899976730347,
        21.810999870300293
    ],
    "optimal_dual_cost": [
        -103.9894900355005,
        -103.57819620137859
    ]
}